{"sett_ctype_name":"ctypes","id":"31","name":"crons_fields","title":"Crons Fields","view_id":null,"is_system_object":"1","exclude_from_generic_controller":"0","category_id":"2","governorate_field_name":null,"form_type_field_name":null,"status_workflow_tempalate":null,"programme_field_name":null,"create_revision":"0","created_user_id":"520","updated_user_id":"520","created_date":null,"last_update_date":"2021-02-11 11:22:00.980","has_pre_save_fn":"0","has_post_save_fn":"0","has_pre_update_status_fn":"0","unit_field_name":null,"has_post_update_status_fn":"0","display_field_name":null,"token":"7A6085E7-2787-47E1-9E63-8DBE8D78BC9B","disable_add":"0","disable_delete":"0","disable_edit":"0","disable_read":"0","justification_for_edit_is_required":"1","title_ar":null,"title_ku":null,"module_id":null,"icon":null,"use_generic_status":"0","redirect_after_save":null,"has_post_delete_fn":"0","has_pre_delete_fn":"0","use_custom_tpl":"0","parent_ctype_id":"30","allow_drag_drop_to_sort":"0","is_deleted":null,"description":null,"title_es":null,"title_fr":null,"view_id_display":null,"category_id_display":"Field Collection","parent_ctype_id_display":"Crons","module_id_display":null,"created_user_id_display":"IMS","updated_user_id_display":"IMS","fields":[{"id":"1299","name":"created_date","title":"Created Date","parent_id":"31","field_type_id":"4","data_source_id":null,"data_source_display_column":null,"data_source_value_column":null,"is_multi":"0","sort":"0","is_hidden":"1","is_primary_column":"0","group_name":null,"size":null,"is_required":"0","str_length":null,"method":null,"is_read_only":"1","data_source_filter_by_field_name":null,"data_source_filter_by_field_name_in_db":null,"tab_name":null,"hide_in_fc_summary":"0","default_value":null,"is_system_field":"1","data_source_value_column_is_text":"0","description":null,"file_type_id":null,"allow_basic_html_tags":null,"is_unique":"0","data_source_from_string":null,"created_user_id":"520","updated_user_id":"520","created_date":null,"last_update_date":"2021-02-11 11:22:01.090","on_delete_cascade":"0","required_condition":null,"dependencies":null,"location":null,"validation_pattern":null,"validation_condition":null,"validation_message":null,"data_source_fixed_where_condition":null,"min":null,"max":null,"appearance":null,"token":"26D5691D-3984-4757-9476-4183D89CD3BB","data_source_from_query":null,"title_ar":null,"title_ku":null,"description_ar":null,"description_ku":null,"validation_message_ku":null,"validation_message_ar":null,"read_only_condition":null,"data_source_sort_column":null,"use_parent_permissions":"0","delete_rule":null,"appearance_id":null,"title_es":null,"title_fr":null,"description_es":null,"description_fr":null,"validation_message_es":null,"validation_message_fr":null,"field_type_id_display":"Date","appearance_id_display":null,"file_type_id_display":null,"data_source_id_display":null,"parent_id_display":"Crons Fields","created_user_id_display":"IMS","updated_user_id_display":"IMS"},{"id":"1297","name":"created_user_id","title":"Created User","parent_id":"31","field_type_id":"2","data_source_id":"40","data_source_display_column":"full_name","data_source_value_column":"id","is_multi":"0","sort":"1","is_hidden":"1","is_primary_column":"0","group_name":null,"size":null,"is_required":"0","str_length":null,"method":null,"is_read_only":"1","data_source_filter_by_field_name":null,"data_source_filter_by_field_name_in_db":null,"tab_name":null,"hide_in_fc_summary":"0","default_value":null,"is_system_field":"1","data_source_value_column_is_text":"0","description":null,"file_type_id":null,"allow_basic_html_tags":null,"is_unique":"0","data_source_from_string":null,"created_user_id":"520","updated_user_id":"520","created_date":null,"last_update_date":"2021-02-11 11:22:01.090","on_delete_cascade":"0","required_condition":null,"dependencies":null,"location":null,"validation_pattern":null,"validation_condition":null,"validation_message":null,"data_source_fixed_where_condition":null,"min":null,"max":null,"appearance":null,"token":"20362EA5-3DC8-4C08-AC45-F67303226AF2","data_source_from_query":null,"title_ar":null,"title_ku":null,"description_ar":null,"description_ku":null,"validation_message_ku":null,"validation_message_ar":null,"read_only_condition":null,"data_source_sort_column":null,"use_parent_permissions":"0","delete_rule":null,"appearance_id":null,"title_es":null,"title_fr":null,"description_es":null,"description_fr":null,"validation_message_es":null,"validation_message_fr":null,"field_type_id_display":"Combobox","appearance_id_display":null,"file_type_id_display":null,"data_source_id_display":"Users","parent_id_display":"Crons Fields","created_user_id_display":"IMS","updated_user_id_display":"IMS"},{"id":"162","name":"id","title":"Id","parent_id":"31","field_type_id":"6","data_source_id":null,"data_source_display_column":null,"data_source_value_column":null,"is_multi":"0","sort":"2","is_hidden":"1","is_primary_column":"1","group_name":null,"size":null,"is_required":"0","str_length":null,"method":null,"is_read_only":"0","data_source_filter_by_field_name":null,"data_source_filter_by_field_name_in_db":null,"tab_name":null,"hide_in_fc_summary":"0","default_value":null,"is_system_field":"1","data_source_value_column_is_text":"0","description":null,"file_type_id":null,"allow_basic_html_tags":null,"is_unique":"0","data_source_from_string":null,"created_user_id":"520","updated_user_id":"520","created_date":null,"last_update_date":"2021-02-11 11:22:01.090","on_delete_cascade":"0","required_condition":null,"dependencies":null,"location":null,"validation_pattern":null,"validation_condition":null,"validation_message":null,"data_source_fixed_where_condition":null,"min":null,"max":null,"appearance":null,"token":"8447F545-589F-4142-94D0-56B7102B5127","data_source_from_query":null,"title_ar":null,"title_ku":null,"description_ar":null,"description_ku":null,"validation_message_ku":null,"validation_message_ar":null,"read_only_condition":null,"data_source_sort_column":null,"use_parent_permissions":"0","delete_rule":null,"appearance_id":null,"title_es":null,"title_fr":null,"description_es":null,"description_fr":null,"validation_message_es":null,"validation_message_fr":null,"field_type_id_display":"Number","appearance_id_display":null,"file_type_id_display":null,"data_source_id_display":null,"parent_id_display":"Crons Fields","created_user_id_display":"IMS","updated_user_id_display":"IMS"},{"id":"1300","name":"last_update_date","title":"Last Update Date","parent_id":"31","field_type_id":"4","data_source_id":null,"data_source_display_column":null,"data_source_value_column":null,"is_multi":"0","sort":"3","is_hidden":"1","is_primary_column":"0","group_name":null,"size":null,"is_required":"0","str_length":null,"method":null,"is_read_only":"1","data_source_filter_by_field_name":null,"data_source_filter_by_field_name_in_db":null,"tab_name":null,"hide_in_fc_summary":"0","default_value":null,"is_system_field":"1","data_source_value_column_is_text":"0","description":null,"file_type_id":null,"allow_basic_html_tags":null,"is_unique":"0","data_source_from_string":null,"created_user_id":"520","updated_user_id":"520","created_date":null,"last_update_date":"2021-02-11 11:22:01.090","on_delete_cascade":"0","required_condition":null,"dependencies":null,"location":null,"validation_pattern":null,"validation_condition":null,"validation_message":null,"data_source_fixed_where_condition":null,"min":null,"max":null,"appearance":null,"token":"4699B8C8-A129-4E83-8B6D-52EBF69FD015","data_source_from_query":null,"title_ar":null,"title_ku":null,"description_ar":null,"description_ku":null,"validation_message_ku":null,"validation_message_ar":null,"read_only_condition":null,"data_source_sort_column":null,"use_parent_permissions":"0","delete_rule":null,"appearance_id":null,"title_es":null,"title_fr":null,"description_es":null,"description_fr":null,"validation_message_es":null,"validation_message_fr":null,"field_type_id_display":"Date","appearance_id_display":null,"file_type_id_display":null,"data_source_id_display":null,"parent_id_display":"Crons Fields","created_user_id_display":"IMS","updated_user_id_display":"IMS"},{"id":"24760","name":"token","title":"Token","parent_id":"31","field_type_id":"1","data_source_id":null,"data_source_display_column":null,"data_source_value_column":null,"is_multi":"0","sort":"4","is_hidden":"1","is_primary_column":"0","group_name":null,"size":null,"is_required":"0","str_length":null,"method":null,"is_read_only":"1","data_source_filter_by_field_name":null,"data_source_filter_by_field_name_in_db":null,"tab_name":null,"hide_in_fc_summary":"0","default_value":null,"is_system_field":"1","data_source_value_column_is_text":"0","description":null,"file_type_id":null,"allow_basic_html_tags":null,"is_unique":"0","data_source_from_string":null,"created_user_id":"520","updated_user_id":"520","created_date":"2020-01-21 14:00:51.037","last_update_date":"2021-02-11 11:22:01.090","on_delete_cascade":"0","required_condition":null,"dependencies":null,"location":null,"validation_pattern":null,"validation_condition":null,"validation_message":null,"data_source_fixed_where_condition":null,"min":null,"max":null,"appearance":null,"token":"0BFE3F09-698F-4EA5-A59B-E9C5786901FC","data_source_from_query":null,"title_ar":null,"title_ku":null,"description_ar":null,"description_ku":null,"validation_message_ku":null,"validation_message_ar":null,"read_only_condition":null,"data_source_sort_column":null,"use_parent_permissions":"0","delete_rule":null,"appearance_id":null,"title_es":null,"title_fr":null,"description_es":null,"description_fr":null,"validation_message_es":null,"validation_message_fr":null,"field_type_id_display":"Text","appearance_id_display":null,"file_type_id_display":null,"data_source_id_display":null,"parent_id_display":"Crons Fields","created_user_id_display":"IMS","updated_user_id_display":"IMS"},{"id":"1298","name":"updated_user_id","title":"Updated User","parent_id":"31","field_type_id":"2","data_source_id":"40","data_source_display_column":"full_name","data_source_value_column":"id","is_multi":"0","sort":"5","is_hidden":"1","is_primary_column":"0","group_name":null,"size":null,"is_required":"0","str_length":null,"method":null,"is_read_only":"1","data_source_filter_by_field_name":null,"data_source_filter_by_field_name_in_db":null,"tab_name":null,"hide_in_fc_summary":"0","default_value":null,"is_system_field":"1","data_source_value_column_is_text":"0","description":null,"file_type_id":null,"allow_basic_html_tags":null,"is_unique":"0","data_source_from_string":null,"created_user_id":"520","updated_user_id":"520","created_date":null,"last_update_date":"2021-02-11 11:22:01.090","on_delete_cascade":"0","required_condition":null,"dependencies":null,"location":null,"validation_pattern":null,"validation_condition":null,"validation_message":null,"data_source_fixed_where_condition":null,"min":null,"max":null,"appearance":null,"token":"7B997A77-F66A-4C55-9D0F-8821F8EBB7E3","data_source_from_query":null,"title_ar":null,"title_ku":null,"description_ar":null,"description_ku":null,"validation_message_ku":null,"validation_message_ar":null,"read_only_condition":null,"data_source_sort_column":null,"use_parent_permissions":"0","delete_rule":null,"appearance_id":null,"title_es":null,"title_fr":null,"description_es":null,"description_fr":null,"validation_message_es":null,"validation_message_fr":null,"field_type_id_display":"Combobox","appearance_id_display":null,"file_type_id_display":null,"data_source_id_display":"Users","parent_id_display":"Crons Fields","created_user_id_display":"IMS","updated_user_id_display":"IMS"},{"id":"163","name":"parent_id","title":"Parent","parent_id":"31","field_type_id":"2","data_source_id":"30","data_source_display_column":"title","data_source_value_column":"id","is_multi":"0","sort":"6","is_hidden":"1","is_primary_column":"0","group_name":null,"size":null,"is_required":"1","str_length":null,"method":null,"is_read_only":"0","data_source_filter_by_field_name":null,"data_source_filter_by_field_name_in_db":null,"tab_name":null,"hide_in_fc_summary":"0","default_value":null,"is_system_field":"1","data_source_value_column_is_text":"0","description":null,"file_type_id":null,"allow_basic_html_tags":null,"is_unique":"0","data_source_from_string":null,"created_user_id":"520","updated_user_id":"520","created_date":null,"last_update_date":"2021-02-11 11:22:01.090","on_delete_cascade":"0","required_condition":null,"dependencies":null,"location":null,"validation_pattern":null,"validation_condition":null,"validation_message":null,"data_source_fixed_where_condition":null,"min":null,"max":null,"appearance":null,"token":"CAB9164A-AD45-4C9B-AA4E-82D0CAD65471","data_source_from_query":null,"title_ar":null,"title_ku":null,"description_ar":null,"description_ku":null,"validation_message_ku":null,"validation_message_ar":null,"read_only_condition":null,"data_source_sort_column":null,"use_parent_permissions":"0","delete_rule":null,"appearance_id":null,"title_es":null,"title_fr":null,"description_es":null,"description_fr":null,"validation_message_es":null,"validation_message_fr":null,"field_type_id_display":"Combobox","appearance_id_display":null,"file_type_id_display":null,"data_source_id_display":"Crons","parent_id_display":"Crons Fields","created_user_id_display":"IMS","updated_user_id_display":"IMS"},{"id":"164","name":"odk_name","title":"ODK Name","parent_id":"31","field_type_id":"1","data_source_id":null,"data_source_display_column":null,"data_source_value_column":null,"is_multi":"0","sort":"7","is_hidden":"0","is_primary_column":"0","group_name":null,"size":null,"is_required":"0","str_length":null,"method":null,"is_read_only":"0","data_source_filter_by_field_name":null,"data_source_filter_by_field_name_in_db":null,"tab_name":null,"hide_in_fc_summary":"0","default_value":null,"is_system_field":"0","data_source_value_column_is_text":"0","description":null,"file_type_id":null,"allow_basic_html_tags":null,"is_unique":"0","data_source_from_string":null,"created_user_id":"520","updated_user_id":"520","created_date":null,"last_update_date":"2021-02-11 11:22:01.090","on_delete_cascade":"0","required_condition":null,"dependencies":null,"location":null,"validation_pattern":null,"validation_condition":null,"validation_message":null,"data_source_fixed_where_condition":null,"min":null,"max":null,"appearance":null,"token":"32FD295C-88DC-47B4-B336-AAEC3009A4A5","data_source_from_query":null,"title_ar":null,"title_ku":null,"description_ar":null,"description_ku":null,"validation_message_ku":null,"validation_message_ar":null,"read_only_condition":null,"data_source_sort_column":null,"use_parent_permissions":"0","delete_rule":null,"appearance_id":null,"title_es":null,"title_fr":null,"description_es":null,"description_fr":null,"validation_message_es":null,"validation_message_fr":null,"field_type_id_display":"Text","appearance_id_display":null,"file_type_id_display":null,"data_source_id_display":null,"parent_id_display":"Crons Fields","created_user_id_display":"IMS","updated_user_id_display":"IMS"},{"id":"165","name":"gc_name","title":"MIS Name","parent_id":"31","field_type_id":"1","data_source_id":null,"data_source_display_column":null,"data_source_value_column":null,"is_multi":"0","sort":"8","is_hidden":"0","is_primary_column":"0","group_name":null,"size":null,"is_required":"0","str_length":null,"method":null,"is_read_only":"0","data_source_filter_by_field_name":null,"data_source_filter_by_field_name_in_db":null,"tab_name":null,"hide_in_fc_summary":"0","default_value":null,"is_system_field":"0","data_source_value_column_is_text":"0","description":null,"file_type_id":null,"allow_basic_html_tags":null,"is_unique":"0","data_source_from_string":null,"created_user_id":"520","updated_user_id":"520","created_date":null,"last_update_date":"2021-02-11 11:22:01.090","on_delete_cascade":"0","required_condition":null,"dependencies":null,"location":null,"validation_pattern":null,"validation_condition":null,"validation_message":null,"data_source_fixed_where_condition":null,"min":null,"max":null,"appearance":null,"token":"003B815E-329B-4C3A-B339-D27141EAFFC6","data_source_from_query":null,"title_ar":null,"title_ku":null,"description_ar":null,"description_ku":null,"validation_message_ku":null,"validation_message_ar":null,"read_only_condition":null,"data_source_sort_column":null,"use_parent_permissions":"0","delete_rule":null,"appearance_id":null,"title_es":null,"title_fr":null,"description_es":null,"description_fr":null,"validation_message_es":null,"validation_message_fr":null,"field_type_id_display":"Text","appearance_id_display":null,"file_type_id_display":null,"data_source_id_display":null,"parent_id_display":"Crons Fields","created_user_id_display":"IMS","updated_user_id_display":"IMS"},{"id":"166","name":"data_type","title":"Data Type","parent_id":"31","field_type_id":"1","data_source_id":null,"data_source_display_column":null,"data_source_value_column":null,"is_multi":"0","sort":"9","is_hidden":"0","is_primary_column":"0","group_name":null,"size":null,"is_required":"0","str_length":null,"method":null,"is_read_only":"0","data_source_filter_by_field_name":null,"data_source_filter_by_field_name_in_db":null,"tab_name":null,"hide_in_fc_summary":"0","default_value":null,"is_system_field":"0","data_source_value_column_is_text":"0","description":null,"file_type_id":null,"allow_basic_html_tags":null,"is_unique":"0","data_source_from_string":null,"created_user_id":"520","updated_user_id":"520","created_date":null,"last_update_date":"2021-02-11 11:22:01.090","on_delete_cascade":"0","required_condition":null,"dependencies":null,"location":null,"validation_pattern":null,"validation_condition":null,"validation_message":null,"data_source_fixed_where_condition":null,"min":null,"max":null,"appearance":null,"token":"902A3FC7-D086-4C94-BA61-065F64FAB985","data_source_from_query":null,"title_ar":null,"title_ku":null,"description_ar":null,"description_ku":null,"validation_message_ku":null,"validation_message_ar":null,"read_only_condition":null,"data_source_sort_column":null,"use_parent_permissions":"0","delete_rule":null,"appearance_id":null,"title_es":null,"title_fr":null,"description_es":null,"description_fr":null,"validation_message_es":null,"validation_message_fr":null,"field_type_id_display":"Text","appearance_id_display":null,"file_type_id_display":null,"data_source_id_display":null,"parent_id_display":"Crons Fields","created_user_id_display":"IMS","updated_user_id_display":"IMS"},{"id":"167","name":"tag","title":"Tag","parent_id":"31","field_type_id":"1","data_source_id":null,"data_source_display_column":null,"data_source_value_column":null,"is_multi":"0","sort":"10","is_hidden":"0","is_primary_column":"0","group_name":null,"size":null,"is_required":"0","str_length":null,"method":null,"is_read_only":"0","data_source_filter_by_field_name":null,"data_source_filter_by_field_name_in_db":null,"tab_name":null,"hide_in_fc_summary":"0","default_value":null,"is_system_field":"0","data_source_value_column_is_text":"0","description":null,"file_type_id":null,"allow_basic_html_tags":null,"is_unique":"0","data_source_from_string":null,"created_user_id":"520","updated_user_id":"520","created_date":null,"last_update_date":"2021-02-11 11:22:01.090","on_delete_cascade":"0","required_condition":null,"dependencies":null,"location":null,"validation_pattern":null,"validation_condition":null,"validation_message":null,"data_source_fixed_where_condition":null,"min":null,"max":null,"appearance":null,"token":"CBB8F307-5619-46A5-BE47-F7C7594BBDEE","data_source_from_query":null,"title_ar":null,"title_ku":null,"description_ar":null,"description_ku":null,"validation_message_ku":null,"validation_message_ar":null,"read_only_condition":null,"data_source_sort_column":null,"use_parent_permissions":"0","delete_rule":null,"appearance_id":null,"title_es":null,"title_fr":null,"description_es":null,"description_fr":null,"validation_message_es":null,"validation_message_fr":null,"field_type_id_display":"Text","appearance_id_display":null,"file_type_id_display":null,"data_source_id_display":null,"parent_id_display":"Crons Fields","created_user_id_display":"IMS","updated_user_id_display":"IMS"}],"field_groups":[],"field_permissions":[],"permissions":[],"status_settings":[]}