{"sett_ctype_name":"ctypes","id":"5","name":"ctypes_field_permissions","title":"Content Type Field Permisions","view_id":null,"is_system_object":"1","exclude_from_generic_controller":null,"category_id":"2","governorate_field_name":null,"form_type_field_name":null,"status_workflow_tempalate":null,"programme_field_name":null,"create_revision":null,"created_user_id":"520","updated_user_id":"520","created_date":null,"last_update_date":"2021-02-11 11:22:00.980","has_pre_save_fn":null,"has_post_save_fn":null,"has_pre_update_status_fn":null,"unit_field_name":null,"has_post_update_status_fn":null,"display_field_name":null,"token":"CF9DE18D-B43F-43CE-9E6D-1102C7AA980E","disable_add":null,"disable_delete":null,"disable_edit":null,"disable_read":null,"justification_for_edit_is_required":"1","title_ar":null,"title_ku":null,"module_id":null,"icon":null,"use_generic_status":null,"redirect_after_save":null,"has_post_delete_fn":null,"has_pre_delete_fn":null,"use_custom_tpl":null,"parent_ctype_id":"1","allow_drag_drop_to_sort":null,"is_deleted":null,"description":null,"title_es":null,"title_fr":null,"view_id_display":null,"category_id_display":"Field Collection","parent_ctype_id_display":"Content Types","module_id_display":null,"created_user_id_display":"IMS","updated_user_id_display":"IMS","fields":[{"id":"68","name":"id","title":"id","parent_id":"5","field_type_id":"6","data_source_id":null,"data_source_display_column":null,"data_source_value_column":null,"is_multi":"0","sort":"0","is_hidden":"1","is_primary_column":"1","group_name":null,"size":"2","is_required":"0","str_length":null,"method":null,"is_read_only":"0","data_source_filter_by_field_name":null,"data_source_filter_by_field_name_in_db":null,"tab_name":null,"hide_in_fc_summary":"0","default_value":null,"is_system_field":"1","data_source_value_column_is_text":"0","description":null,"file_type_id":null,"allow_basic_html_tags":null,"is_unique":"0","data_source_from_string":null,"created_user_id":"520","updated_user_id":"520","created_date":null,"last_update_date":"2021-02-11 11:22:01.090","on_delete_cascade":"0","required_condition":null,"dependencies":null,"location":null,"validation_pattern":null,"validation_condition":null,"validation_message":null,"data_source_fixed_where_condition":null,"min":null,"max":null,"appearance":null,"token":"B2BEA95C-94A7-4005-B51E-793046B107FE","data_source_from_query":null,"title_ar":null,"title_ku":null,"description_ar":null,"description_ku":null,"validation_message_ku":null,"validation_message_ar":null,"read_only_condition":null,"data_source_sort_column":null,"use_parent_permissions":"0","delete_rule":null,"appearance_id":null,"title_es":null,"title_fr":null,"description_es":null,"description_fr":null,"validation_message_es":null,"validation_message_fr":null,"field_type_id_display":"Number","appearance_id_display":null,"file_type_id_display":null,"data_source_id_display":null,"parent_id_display":"Content Type Field Permisions","created_user_id_display":"IMS","updated_user_id_display":"IMS"},{"id":"70","name":"roles","title":"Roles","parent_id":"5","field_type_id":"2","data_source_id":"43","data_source_display_column":"name","data_source_value_column":"id","is_multi":"1","sort":"0","is_hidden":"0","is_primary_column":"0","group_name":null,"size":"2","is_required":"1","str_length":null,"method":null,"is_read_only":"0","data_source_filter_by_field_name":null,"data_source_filter_by_field_name_in_db":null,"tab_name":null,"hide_in_fc_summary":"0","default_value":null,"is_system_field":"0","data_source_value_column_is_text":"0","description":null,"file_type_id":null,"allow_basic_html_tags":null,"is_unique":"0","data_source_from_string":null,"created_user_id":"520","updated_user_id":"520","created_date":null,"last_update_date":"2021-02-11 11:22:01.090","on_delete_cascade":"0","required_condition":null,"dependencies":null,"location":null,"validation_pattern":null,"validation_condition":null,"validation_message":null,"data_source_fixed_where_condition":null,"min":null,"max":null,"appearance":null,"token":"85F5A9CD-4061-4D8B-A31F-5A587453E7A6","data_source_from_query":null,"title_ar":null,"title_ku":null,"description_ar":null,"description_ku":null,"validation_message_ku":null,"validation_message_ar":null,"read_only_condition":null,"data_source_sort_column":null,"use_parent_permissions":"0","delete_rule":"Cascade","appearance_id":"2","title_es":null,"title_fr":null,"description_es":null,"description_fr":null,"validation_message_es":null,"validation_message_fr":null,"field_type_id_display":"Combobox","appearance_id_display":"select2","file_type_id_display":null,"data_source_id_display":"Roles","parent_id_display":"Content Type Field Permisions","created_user_id_display":"IMS","updated_user_id_display":"IMS"},{"id":"24745","name":"token","title":"Token","parent_id":"5","field_type_id":"1","data_source_id":null,"data_source_display_column":null,"data_source_value_column":null,"is_multi":"0","sort":"1","is_hidden":"1","is_primary_column":"0","group_name":null,"size":null,"is_required":"0","str_length":null,"method":null,"is_read_only":"1","data_source_filter_by_field_name":null,"data_source_filter_by_field_name_in_db":null,"tab_name":null,"hide_in_fc_summary":"0","default_value":null,"is_system_field":"1","data_source_value_column_is_text":"0","description":null,"file_type_id":null,"allow_basic_html_tags":null,"is_unique":"0","data_source_from_string":null,"created_user_id":"520","updated_user_id":"520","created_date":"2020-01-21 14:00:51.037","last_update_date":"2021-02-11 11:22:01.090","on_delete_cascade":"0","required_condition":null,"dependencies":null,"location":null,"validation_pattern":null,"validation_condition":null,"validation_message":null,"data_source_fixed_where_condition":null,"min":null,"max":null,"appearance":null,"token":"FC0EDF39-C190-40F3-B498-562CE52F3852","data_source_from_query":null,"title_ar":null,"title_ku":null,"description_ar":null,"description_ku":null,"validation_message_ku":null,"validation_message_ar":null,"read_only_condition":null,"data_source_sort_column":null,"use_parent_permissions":"0","delete_rule":null,"appearance_id":null,"title_es":null,"title_fr":null,"description_es":null,"description_fr":null,"validation_message_es":null,"validation_message_fr":null,"field_type_id_display":"Text","appearance_id_display":null,"file_type_id_display":null,"data_source_id_display":null,"parent_id_display":"Content Type Field Permisions","created_user_id_display":"IMS","updated_user_id_display":"IMS"},{"id":"71","name":"field_names","title":"Field Names","parent_id":"5","field_type_id":"2","data_source_id":"2","data_source_display_column":"title","data_source_value_column":"name","is_multi":"1","sort":"1","is_hidden":"0","is_primary_column":"0","group_name":null,"size":"2","is_required":"1","str_length":null,"method":null,"is_read_only":"0","data_source_filter_by_field_name":"[RECORDID]","data_source_filter_by_field_name_in_db":"parent_id","tab_name":null,"hide_in_fc_summary":"0","default_value":null,"is_system_field":"0","data_source_value_column_is_text":"1","description":null,"file_type_id":null,"allow_basic_html_tags":null,"is_unique":"0","data_source_from_string":null,"created_user_id":"520","updated_user_id":"520","created_date":null,"last_update_date":"2021-02-11 11:22:01.090","on_delete_cascade":"0","required_condition":null,"dependencies":null,"location":null,"validation_pattern":null,"validation_condition":null,"validation_message":null,"data_source_fixed_where_condition":null,"min":null,"max":null,"appearance":null,"token":"63B61B9B-288C-4334-A0E1-4E1CAC6A2FAE","data_source_from_query":null,"title_ar":null,"title_ku":null,"description_ar":null,"description_ku":null,"validation_message_ku":null,"validation_message_ar":null,"read_only_condition":null,"data_source_sort_column":null,"use_parent_permissions":"0","delete_rule":null,"appearance_id":"2","title_es":null,"title_fr":null,"description_es":null,"description_fr":null,"validation_message_es":null,"validation_message_fr":null,"field_type_id_display":"Combobox","appearance_id_display":"select2","file_type_id_display":null,"data_source_id_display":"Content Type Fields","parent_id_display":"Content Type Field Permisions","created_user_id_display":"IMS","updated_user_id_display":"IMS"},{"id":"75","name":"inverse_roles","title":"Invserse Roles","parent_id":"5","field_type_id":"9","data_source_id":null,"data_source_display_column":null,"data_source_value_column":null,"is_multi":"0","sort":"2","is_hidden":"0","is_primary_column":"0","group_name":null,"size":"1","is_required":"0","str_length":null,"method":null,"is_read_only":"0","data_source_filter_by_field_name":null,"data_source_filter_by_field_name_in_db":null,"tab_name":null,"hide_in_fc_summary":"0","default_value":null,"is_system_field":"0","data_source_value_column_is_text":"0","description":null,"file_type_id":null,"allow_basic_html_tags":null,"is_unique":"0","data_source_from_string":null,"created_user_id":"520","updated_user_id":"520","created_date":null,"last_update_date":"2021-02-11 11:22:01.090","on_delete_cascade":"0","required_condition":null,"dependencies":null,"location":null,"validation_pattern":null,"validation_condition":null,"validation_message":null,"data_source_fixed_where_condition":null,"min":null,"max":null,"appearance":null,"token":"EF899B15-CE43-4292-BD10-03A27C3E9067","data_source_from_query":null,"title_ar":null,"title_ku":null,"description_ar":null,"description_ku":null,"validation_message_ku":null,"validation_message_ar":null,"read_only_condition":null,"data_source_sort_column":null,"use_parent_permissions":"0","delete_rule":null,"appearance_id":null,"title_es":null,"title_fr":null,"description_es":null,"description_fr":null,"validation_message_es":null,"validation_message_fr":null,"field_type_id_display":"Yes\/No","appearance_id_display":null,"file_type_id_display":null,"data_source_id_display":null,"parent_id_display":"Content Type Field Permisions","created_user_id_display":"IMS","updated_user_id_display":"IMS"},{"id":"69","name":"parent_id","title":"Parent","parent_id":"5","field_type_id":"2","data_source_id":"1","data_source_display_column":"title","data_source_value_column":"id","is_multi":"0","sort":"2","is_hidden":"1","is_primary_column":"0","group_name":null,"size":"2","is_required":"1","str_length":null,"method":null,"is_read_only":"0","data_source_filter_by_field_name":null,"data_source_filter_by_field_name_in_db":null,"tab_name":null,"hide_in_fc_summary":"0","default_value":null,"is_system_field":"1","data_source_value_column_is_text":"0","description":null,"file_type_id":null,"allow_basic_html_tags":null,"is_unique":"0","data_source_from_string":null,"created_user_id":"520","updated_user_id":"520","created_date":null,"last_update_date":"2021-02-11 11:22:01.090","on_delete_cascade":"0","required_condition":null,"dependencies":null,"location":null,"validation_pattern":null,"validation_condition":null,"validation_message":null,"data_source_fixed_where_condition":null,"min":null,"max":null,"appearance":null,"token":"2B6E18E6-00E9-48C6-B40A-0224CD170EE3","data_source_from_query":null,"title_ar":null,"title_ku":null,"description_ar":null,"description_ku":null,"validation_message_ku":null,"validation_message_ar":null,"read_only_condition":null,"data_source_sort_column":null,"use_parent_permissions":"0","delete_rule":null,"appearance_id":null,"title_es":null,"title_fr":null,"description_es":null,"description_fr":null,"validation_message_es":null,"validation_message_fr":null,"field_type_id_display":"Combobox","appearance_id_display":null,"file_type_id_display":null,"data_source_id_display":"Content Types","parent_id_display":"Content Type Field Permisions","created_user_id_display":"IMS","updated_user_id_display":"IMS"},{"id":"76","name":"is_add_mode","title":"Add Mode","parent_id":"5","field_type_id":"9","data_source_id":null,"data_source_display_column":null,"data_source_value_column":null,"is_multi":"0","sort":"3","is_hidden":"0","is_primary_column":"0","group_name":null,"size":"1","is_required":"0","str_length":null,"method":null,"is_read_only":"0","data_source_filter_by_field_name":null,"data_source_filter_by_field_name_in_db":null,"tab_name":null,"hide_in_fc_summary":"0","default_value":null,"is_system_field":"0","data_source_value_column_is_text":"0","description":null,"file_type_id":null,"allow_basic_html_tags":null,"is_unique":"0","data_source_from_string":null,"created_user_id":"520","updated_user_id":"520","created_date":null,"last_update_date":"2021-02-11 11:22:01.090","on_delete_cascade":"0","required_condition":null,"dependencies":null,"location":null,"validation_pattern":null,"validation_condition":null,"validation_message":null,"data_source_fixed_where_condition":null,"min":null,"max":null,"appearance":null,"token":"FB1B4F13-A638-4A23-85FA-DA85B6DD36F7","data_source_from_query":null,"title_ar":null,"title_ku":null,"description_ar":null,"description_ku":null,"validation_message_ku":null,"validation_message_ar":null,"read_only_condition":null,"data_source_sort_column":null,"use_parent_permissions":"0","delete_rule":null,"appearance_id":null,"title_es":null,"title_fr":null,"description_es":null,"description_fr":null,"validation_message_es":null,"validation_message_fr":null,"field_type_id_display":"Yes\/No","appearance_id_display":null,"file_type_id_display":null,"data_source_id_display":null,"parent_id_display":"Content Type Field Permisions","created_user_id_display":"IMS","updated_user_id_display":"IMS"},{"id":"77","name":"is_edit_mode","title":"Edit Mode","parent_id":"5","field_type_id":"9","data_source_id":null,"data_source_display_column":null,"data_source_value_column":null,"is_multi":"0","sort":"4","is_hidden":"0","is_primary_column":"0","group_name":null,"size":"1","is_required":"0","str_length":null,"method":null,"is_read_only":"0","data_source_filter_by_field_name":null,"data_source_filter_by_field_name_in_db":null,"tab_name":null,"hide_in_fc_summary":"0","default_value":null,"is_system_field":"0","data_source_value_column_is_text":"0","description":null,"file_type_id":null,"allow_basic_html_tags":null,"is_unique":"0","data_source_from_string":null,"created_user_id":"520","updated_user_id":"520","created_date":null,"last_update_date":"2021-02-11 11:22:01.090","on_delete_cascade":"0","required_condition":null,"dependencies":null,"location":null,"validation_pattern":null,"validation_condition":null,"validation_message":null,"data_source_fixed_where_condition":null,"min":null,"max":null,"appearance":null,"token":"EB8E74AB-9F11-4CAC-AA94-2AFFE2E8552D","data_source_from_query":null,"title_ar":null,"title_ku":null,"description_ar":null,"description_ku":null,"validation_message_ku":null,"validation_message_ar":null,"read_only_condition":null,"data_source_sort_column":null,"use_parent_permissions":"0","delete_rule":null,"appearance_id":null,"title_es":null,"title_fr":null,"description_es":null,"description_fr":null,"validation_message_es":null,"validation_message_fr":null,"field_type_id_display":"Yes\/No","appearance_id_display":null,"file_type_id_display":null,"data_source_id_display":null,"parent_id_display":"Content Type Field Permisions","created_user_id_display":"IMS","updated_user_id_display":"IMS"},{"id":"24934","name":"is_read_mode","title":"Is Read Mode","parent_id":"5","field_type_id":"9","data_source_id":null,"data_source_display_column":null,"data_source_value_column":null,"is_multi":"0","sort":"5","is_hidden":"0","is_primary_column":"0","group_name":null,"size":"1","is_required":"0","str_length":null,"method":null,"is_read_only":"0","data_source_filter_by_field_name":null,"data_source_filter_by_field_name_in_db":null,"tab_name":null,"hide_in_fc_summary":"0","default_value":null,"is_system_field":"0","data_source_value_column_is_text":"0","description":null,"file_type_id":null,"allow_basic_html_tags":null,"is_unique":"0","data_source_from_string":null,"created_user_id":"520","updated_user_id":"520","created_date":"2020-01-23 09:35:10.977","last_update_date":"2021-02-11 11:22:01.090","on_delete_cascade":"0","required_condition":null,"dependencies":null,"location":null,"validation_pattern":null,"validation_condition":null,"validation_message":null,"data_source_fixed_where_condition":null,"min":null,"max":null,"appearance":null,"token":"DD9B3297-B82D-4B1D-9DB9-9674112889DA","data_source_from_query":null,"title_ar":null,"title_ku":null,"description_ar":null,"description_ku":null,"validation_message_ku":null,"validation_message_ar":null,"read_only_condition":null,"data_source_sort_column":null,"use_parent_permissions":"0","delete_rule":null,"appearance_id":null,"title_es":null,"title_fr":null,"description_es":null,"description_fr":null,"validation_message_es":null,"validation_message_fr":null,"field_type_id_display":"Yes\/No","appearance_id_display":null,"file_type_id_display":null,"data_source_id_display":null,"parent_id_display":"Content Type Field Permisions","created_user_id_display":"IMS","updated_user_id_display":"IMS"},{"id":"72","name":"is_hidden","title":"Is Hidden","parent_id":"5","field_type_id":"9","data_source_id":null,"data_source_display_column":null,"data_source_value_column":null,"is_multi":"0","sort":"6","is_hidden":"0","is_primary_column":"0","group_name":null,"size":"1","is_required":"0","str_length":null,"method":null,"is_read_only":"0","data_source_filter_by_field_name":null,"data_source_filter_by_field_name_in_db":null,"tab_name":null,"hide_in_fc_summary":"0","default_value":null,"is_system_field":"0","data_source_value_column_is_text":"0","description":null,"file_type_id":null,"allow_basic_html_tags":null,"is_unique":"0","data_source_from_string":null,"created_user_id":"520","updated_user_id":"520","created_date":null,"last_update_date":"2021-02-11 11:22:01.090","on_delete_cascade":"0","required_condition":null,"dependencies":null,"location":null,"validation_pattern":null,"validation_condition":null,"validation_message":null,"data_source_fixed_where_condition":null,"min":null,"max":null,"appearance":null,"token":"3B6D3D00-DA09-4E7A-B83C-A659ED5D2F84","data_source_from_query":null,"title_ar":null,"title_ku":null,"description_ar":null,"description_ku":null,"validation_message_ku":null,"validation_message_ar":null,"read_only_condition":null,"data_source_sort_column":null,"use_parent_permissions":"0","delete_rule":null,"appearance_id":null,"title_es":null,"title_fr":null,"description_es":null,"description_fr":null,"validation_message_es":null,"validation_message_fr":null,"field_type_id_display":"Yes\/No","appearance_id_display":null,"file_type_id_display":null,"data_source_id_display":null,"parent_id_display":"Content Type Field Permisions","created_user_id_display":"IMS","updated_user_id_display":"IMS"},{"id":"73","name":"is_read_only","title":"Is Read Only","parent_id":"5","field_type_id":"9","data_source_id":null,"data_source_display_column":null,"data_source_value_column":null,"is_multi":"0","sort":"7","is_hidden":"0","is_primary_column":"0","group_name":null,"size":"1","is_required":"0","str_length":null,"method":null,"is_read_only":"0","data_source_filter_by_field_name":null,"data_source_filter_by_field_name_in_db":null,"tab_name":null,"hide_in_fc_summary":"0","default_value":null,"is_system_field":"0","data_source_value_column_is_text":"0","description":null,"file_type_id":null,"allow_basic_html_tags":null,"is_unique":"0","data_source_from_string":null,"created_user_id":"520","updated_user_id":"520","created_date":null,"last_update_date":"2021-02-11 11:22:01.090","on_delete_cascade":"0","required_condition":null,"dependencies":null,"location":null,"validation_pattern":null,"validation_condition":null,"validation_message":null,"data_source_fixed_where_condition":null,"min":null,"max":null,"appearance":null,"token":"F8D95845-5A94-45A5-82CE-68D6998FE95B","data_source_from_query":null,"title_ar":null,"title_ku":null,"description_ar":null,"description_ku":null,"validation_message_ku":null,"validation_message_ar":null,"read_only_condition":null,"data_source_sort_column":null,"use_parent_permissions":"0","delete_rule":null,"appearance_id":null,"title_es":null,"title_fr":null,"description_es":null,"description_fr":null,"validation_message_es":null,"validation_message_fr":null,"field_type_id_display":"Yes\/No","appearance_id_display":null,"file_type_id_display":null,"data_source_id_display":null,"parent_id_display":"Content Type Field Permisions","created_user_id_display":"IMS","updated_user_id_display":"IMS"},{"id":"74","name":"default_value","title":"Default Value","parent_id":"5","field_type_id":"1","data_source_id":null,"data_source_display_column":null,"data_source_value_column":null,"is_multi":"0","sort":"8","is_hidden":"0","is_primary_column":"0","group_name":null,"size":"1","is_required":"0","str_length":null,"method":null,"is_read_only":"0","data_source_filter_by_field_name":null,"data_source_filter_by_field_name_in_db":null,"tab_name":null,"hide_in_fc_summary":"0","default_value":null,"is_system_field":"0","data_source_value_column_is_text":"0","description":null,"file_type_id":null,"allow_basic_html_tags":null,"is_unique":"0","data_source_from_string":null,"created_user_id":"520","updated_user_id":"520","created_date":null,"last_update_date":"2021-02-11 11:22:01.090","on_delete_cascade":"0","required_condition":null,"dependencies":null,"location":null,"validation_pattern":null,"validation_condition":null,"validation_message":null,"data_source_fixed_where_condition":null,"min":null,"max":null,"appearance":null,"token":"BACA4BE2-B52A-41B7-A857-3F727725172D","data_source_from_query":null,"title_ar":null,"title_ku":null,"description_ar":null,"description_ku":null,"validation_message_ku":null,"validation_message_ar":null,"read_only_condition":null,"data_source_sort_column":null,"use_parent_permissions":"0","delete_rule":null,"appearance_id":null,"title_es":null,"title_fr":null,"description_es":null,"description_fr":null,"validation_message_es":null,"validation_message_fr":null,"field_type_id_display":"Text","appearance_id_display":null,"file_type_id_display":null,"data_source_id_display":null,"parent_id_display":"Content Type Field Permisions","created_user_id_display":"IMS","updated_user_id_display":"IMS"},{"id":"1223","name":"created_date","title":"Created Date","parent_id":"5","field_type_id":"4","data_source_id":null,"data_source_display_column":null,"data_source_value_column":null,"is_multi":"0","sort":"12","is_hidden":"1","is_primary_column":"0","group_name":null,"size":"2","is_required":"0","str_length":null,"method":null,"is_read_only":"1","data_source_filter_by_field_name":null,"data_source_filter_by_field_name_in_db":null,"tab_name":null,"hide_in_fc_summary":"0","default_value":null,"is_system_field":"1","data_source_value_column_is_text":"0","description":null,"file_type_id":null,"allow_basic_html_tags":null,"is_unique":"0","data_source_from_string":null,"created_user_id":"520","updated_user_id":"520","created_date":null,"last_update_date":"2021-02-11 11:22:01.090","on_delete_cascade":"0","required_condition":null,"dependencies":null,"location":null,"validation_pattern":null,"validation_condition":null,"validation_message":null,"data_source_fixed_where_condition":null,"min":null,"max":null,"appearance":null,"token":"731B43FB-3090-4ADC-9574-2AFF633189BB","data_source_from_query":null,"title_ar":null,"title_ku":null,"description_ar":null,"description_ku":null,"validation_message_ku":null,"validation_message_ar":null,"read_only_condition":null,"data_source_sort_column":null,"use_parent_permissions":"0","delete_rule":null,"appearance_id":null,"title_es":null,"title_fr":null,"description_es":null,"description_fr":null,"validation_message_es":null,"validation_message_fr":null,"field_type_id_display":"Date","appearance_id_display":null,"file_type_id_display":null,"data_source_id_display":null,"parent_id_display":"Content Type Field Permisions","created_user_id_display":"IMS","updated_user_id_display":"IMS"},{"id":"1221","name":"created_user_id","title":"Created User","parent_id":"5","field_type_id":"2","data_source_id":"40","data_source_display_column":"full_name","data_source_value_column":"id","is_multi":"0","sort":"13","is_hidden":"1","is_primary_column":"0","group_name":null,"size":"2","is_required":"0","str_length":null,"method":null,"is_read_only":"1","data_source_filter_by_field_name":null,"data_source_filter_by_field_name_in_db":null,"tab_name":null,"hide_in_fc_summary":"0","default_value":null,"is_system_field":"1","data_source_value_column_is_text":"0","description":null,"file_type_id":null,"allow_basic_html_tags":null,"is_unique":"0","data_source_from_string":null,"created_user_id":"520","updated_user_id":"520","created_date":null,"last_update_date":"2021-02-11 11:22:01.090","on_delete_cascade":"0","required_condition":null,"dependencies":null,"location":null,"validation_pattern":null,"validation_condition":null,"validation_message":null,"data_source_fixed_where_condition":null,"min":null,"max":null,"appearance":null,"token":"D15701A3-6AA4-410B-B7A2-9D2750B2571A","data_source_from_query":null,"title_ar":null,"title_ku":null,"description_ar":null,"description_ku":null,"validation_message_ku":null,"validation_message_ar":null,"read_only_condition":null,"data_source_sort_column":null,"use_parent_permissions":"0","delete_rule":null,"appearance_id":null,"title_es":null,"title_fr":null,"description_es":null,"description_fr":null,"validation_message_es":null,"validation_message_fr":null,"field_type_id_display":"Combobox","appearance_id_display":null,"file_type_id_display":null,"data_source_id_display":"Users","parent_id_display":"Content Type Field Permisions","created_user_id_display":"IMS","updated_user_id_display":"IMS"},{"id":"1224","name":"last_update_date","title":"Last Update Date","parent_id":"5","field_type_id":"4","data_source_id":null,"data_source_display_column":null,"data_source_value_column":null,"is_multi":"0","sort":"14","is_hidden":"1","is_primary_column":"0","group_name":null,"size":"2","is_required":"0","str_length":null,"method":null,"is_read_only":"1","data_source_filter_by_field_name":null,"data_source_filter_by_field_name_in_db":null,"tab_name":null,"hide_in_fc_summary":"0","default_value":null,"is_system_field":"1","data_source_value_column_is_text":"0","description":null,"file_type_id":null,"allow_basic_html_tags":null,"is_unique":"0","data_source_from_string":null,"created_user_id":"520","updated_user_id":"520","created_date":null,"last_update_date":"2021-02-11 11:22:01.090","on_delete_cascade":"0","required_condition":null,"dependencies":null,"location":null,"validation_pattern":null,"validation_condition":null,"validation_message":null,"data_source_fixed_where_condition":null,"min":null,"max":null,"appearance":null,"token":"B82190D1-9BB1-4E20-AB8D-A9FDFD56FCD1","data_source_from_query":null,"title_ar":null,"title_ku":null,"description_ar":null,"description_ku":null,"validation_message_ku":null,"validation_message_ar":null,"read_only_condition":null,"data_source_sort_column":null,"use_parent_permissions":"0","delete_rule":null,"appearance_id":null,"title_es":null,"title_fr":null,"description_es":null,"description_fr":null,"validation_message_es":null,"validation_message_fr":null,"field_type_id_display":"Date","appearance_id_display":null,"file_type_id_display":null,"data_source_id_display":null,"parent_id_display":"Content Type Field Permisions","created_user_id_display":"IMS","updated_user_id_display":"IMS"},{"id":"1222","name":"updated_user_id","title":"Updated User","parent_id":"5","field_type_id":"2","data_source_id":"40","data_source_display_column":"full_name","data_source_value_column":"id","is_multi":"0","sort":"15","is_hidden":"1","is_primary_column":"0","group_name":null,"size":"2","is_required":"0","str_length":null,"method":null,"is_read_only":"1","data_source_filter_by_field_name":null,"data_source_filter_by_field_name_in_db":null,"tab_name":null,"hide_in_fc_summary":"0","default_value":null,"is_system_field":"1","data_source_value_column_is_text":"0","description":null,"file_type_id":null,"allow_basic_html_tags":null,"is_unique":"0","data_source_from_string":null,"created_user_id":"520","updated_user_id":"520","created_date":null,"last_update_date":"2021-02-11 11:22:01.090","on_delete_cascade":"0","required_condition":null,"dependencies":null,"location":null,"validation_pattern":null,"validation_condition":null,"validation_message":null,"data_source_fixed_where_condition":null,"min":null,"max":null,"appearance":null,"token":"6C87C472-2199-4463-AB99-4A38E8F52735","data_source_from_query":null,"title_ar":null,"title_ku":null,"description_ar":null,"description_ku":null,"validation_message_ku":null,"validation_message_ar":null,"read_only_condition":null,"data_source_sort_column":null,"use_parent_permissions":"0","delete_rule":null,"appearance_id":null,"title_es":null,"title_fr":null,"description_es":null,"description_fr":null,"validation_message_es":null,"validation_message_fr":null,"field_type_id_display":"Combobox","appearance_id_display":null,"file_type_id_display":null,"data_source_id_display":"Users","parent_id_display":"Content Type Field Permisions","created_user_id_display":"IMS","updated_user_id_display":"IMS"}],"field_groups":[],"field_permissions":[],"permissions":[],"status_settings":[]}