{"id":"5","name":"ctypes_field_permissions","title":"Content Type Field Permisions","category":"Field Collection","category_id":"2","description":null,"module":null,"last_update_date":"2021-02-11 11:22:00.980","view_id":null,"created_user_name":"IMS","last_updated_user_name":"IMS","data":[{"name":"ctypes_field_permissions","type":"main","data":[{"name":"roles","id":"43","category":"Taxonomy","category_id":"3","title":"Roles","created_user_name":"IMS","last_updated_user_name":"IMS"},{"name":"ctypes_fields","id":"2","category":"Field Collection","category_id":"2","title":"Content Type Fields","created_user_name":"IMS","last_updated_user_name":"IMS"},{"name":"ctypes","id":"1","category":"Content Type","category_id":"1","title":"Content Types","created_user_name":"IMS","last_updated_user_name":"IMS"},{"name":"users","id":"40","category":"Content Type","category_id":"1","title":"Users","created_user_name":"IMS","last_updated_user_name":"IMS"}]}]}