{"sett_ctype_name":"ctypes","id":"11","name":"file_extension_types","title":"File Extention Types","view_id":null,"is_system_object":"1","exclude_from_generic_controller":"0","category_id":"3","governorate_field_name":null,"form_type_field_name":null,"status_workflow_tempalate":null,"programme_field_name":null,"create_revision":"0","created_user_id":"520","updated_user_id":"520","created_date":null,"last_update_date":"2021-02-11 11:22:00.980","has_pre_save_fn":null,"has_post_save_fn":null,"has_pre_update_status_fn":null,"unit_field_name":null,"has_post_update_status_fn":null,"display_field_name":null,"token":"1C957A49-13C9-4590-AE1C-051A690C2572","disable_add":null,"disable_delete":null,"disable_edit":null,"disable_read":"1","justification_for_edit_is_required":"1","title_ar":null,"title_ku":null,"module_id":"1","icon":null,"use_generic_status":null,"redirect_after_save":null,"has_post_delete_fn":null,"has_pre_delete_fn":null,"use_custom_tpl":null,"parent_ctype_id":null,"allow_drag_drop_to_sort":null,"is_deleted":null,"description":null,"title_es":null,"title_fr":null,"view_id_display":null,"category_id_display":"Taxonomy","parent_ctype_id_display":null,"module_id_display":"Admin Module","created_user_id_display":"IMS","updated_user_id_display":"IMS","fields":[{"id":"1255","name":"created_date","title":"Created Date","parent_id":"11","field_type_id":"4","data_source_id":null,"data_source_display_column":null,"data_source_value_column":null,"is_multi":"0","sort":"0","is_hidden":"1","is_primary_column":"0","group_name":null,"size":null,"is_required":"0","str_length":null,"method":null,"is_read_only":"1","data_source_filter_by_field_name":null,"data_source_filter_by_field_name_in_db":null,"tab_name":null,"hide_in_fc_summary":"0","default_value":null,"is_system_field":"1","data_source_value_column_is_text":"0","description":null,"file_type_id":null,"allow_basic_html_tags":null,"is_unique":"0","data_source_from_string":null,"created_user_id":"520","updated_user_id":"520","created_date":null,"last_update_date":"2021-02-11 11:22:01.090","on_delete_cascade":"0","required_condition":null,"dependencies":null,"location":null,"validation_pattern":null,"validation_condition":null,"validation_message":null,"data_source_fixed_where_condition":null,"min":null,"max":null,"appearance":null,"token":null,"data_source_from_query":null,"title_ar":null,"title_ku":null,"description_ar":null,"description_ku":null,"validation_message_ku":null,"validation_message_ar":null,"read_only_condition":null,"data_source_sort_column":null,"use_parent_permissions":null,"delete_rule":null,"appearance_id":null,"title_es":null,"title_fr":null,"description_es":null,"description_fr":null,"validation_message_es":null,"validation_message_fr":null,"field_type_id_display":"Date","appearance_id_display":null,"file_type_id_display":null,"data_source_id_display":null,"parent_id_display":"File Extention Types","created_user_id_display":"IMS","updated_user_id_display":"IMS"},{"id":"1253","name":"created_user_id","title":"Created User","parent_id":"11","field_type_id":"2","data_source_id":"40","data_source_display_column":"full_name","data_source_value_column":"id","is_multi":"0","sort":"0","is_hidden":"1","is_primary_column":"0","group_name":null,"size":null,"is_required":"0","str_length":null,"method":null,"is_read_only":"1","data_source_filter_by_field_name":null,"data_source_filter_by_field_name_in_db":null,"tab_name":null,"hide_in_fc_summary":"0","default_value":null,"is_system_field":"1","data_source_value_column_is_text":"0","description":null,"file_type_id":null,"allow_basic_html_tags":null,"is_unique":"0","data_source_from_string":null,"created_user_id":"520","updated_user_id":"520","created_date":null,"last_update_date":"2021-02-11 11:22:01.090","on_delete_cascade":"0","required_condition":null,"dependencies":null,"location":null,"validation_pattern":null,"validation_condition":null,"validation_message":null,"data_source_fixed_where_condition":null,"min":null,"max":null,"appearance":null,"token":null,"data_source_from_query":null,"title_ar":null,"title_ku":null,"description_ar":null,"description_ku":null,"validation_message_ku":null,"validation_message_ar":null,"read_only_condition":null,"data_source_sort_column":null,"use_parent_permissions":null,"delete_rule":null,"appearance_id":null,"title_es":null,"title_fr":null,"description_es":null,"description_fr":null,"validation_message_es":null,"validation_message_fr":null,"field_type_id_display":"Combobox","appearance_id_display":null,"file_type_id_display":null,"data_source_id_display":"Users","parent_id_display":"File Extention Types","created_user_id_display":"IMS","updated_user_id_display":"IMS"},{"id":"104","name":"id","title":"id","parent_id":"11","field_type_id":"6","data_source_id":null,"data_source_display_column":null,"data_source_value_column":null,"is_multi":"0","sort":"0","is_hidden":"1","is_primary_column":"1","group_name":null,"size":null,"is_required":"0","str_length":null,"method":null,"is_read_only":"0","data_source_filter_by_field_name":null,"data_source_filter_by_field_name_in_db":null,"tab_name":null,"hide_in_fc_summary":"0","default_value":null,"is_system_field":"1","data_source_value_column_is_text":"0","description":null,"file_type_id":null,"allow_basic_html_tags":null,"is_unique":"0","data_source_from_string":null,"created_user_id":"520","updated_user_id":"520","created_date":null,"last_update_date":"2021-02-11 11:22:01.090","on_delete_cascade":"0","required_condition":null,"dependencies":null,"location":null,"validation_pattern":null,"validation_condition":null,"validation_message":null,"data_source_fixed_where_condition":null,"min":null,"max":null,"appearance":null,"token":null,"data_source_from_query":null,"title_ar":null,"title_ku":null,"description_ar":null,"description_ku":null,"validation_message_ku":null,"validation_message_ar":null,"read_only_condition":null,"data_source_sort_column":null,"use_parent_permissions":null,"delete_rule":null,"appearance_id":null,"title_es":null,"title_fr":null,"description_es":null,"description_fr":null,"validation_message_es":null,"validation_message_fr":null,"field_type_id_display":"Number","appearance_id_display":null,"file_type_id_display":null,"data_source_id_display":null,"parent_id_display":"File Extention Types","created_user_id_display":"IMS","updated_user_id_display":"IMS"},{"id":"1256","name":"last_update_date","title":"Last Update Date","parent_id":"11","field_type_id":"4","data_source_id":null,"data_source_display_column":null,"data_source_value_column":null,"is_multi":"0","sort":"0","is_hidden":"1","is_primary_column":"0","group_name":null,"size":null,"is_required":"0","str_length":null,"method":null,"is_read_only":"1","data_source_filter_by_field_name":null,"data_source_filter_by_field_name_in_db":null,"tab_name":null,"hide_in_fc_summary":"0","default_value":null,"is_system_field":"1","data_source_value_column_is_text":"0","description":null,"file_type_id":null,"allow_basic_html_tags":null,"is_unique":"0","data_source_from_string":null,"created_user_id":"520","updated_user_id":"520","created_date":null,"last_update_date":"2021-02-11 11:22:01.090","on_delete_cascade":"0","required_condition":null,"dependencies":null,"location":null,"validation_pattern":null,"validation_condition":null,"validation_message":null,"data_source_fixed_where_condition":null,"min":null,"max":null,"appearance":null,"token":null,"data_source_from_query":null,"title_ar":null,"title_ku":null,"description_ar":null,"description_ku":null,"validation_message_ku":null,"validation_message_ar":null,"read_only_condition":null,"data_source_sort_column":null,"use_parent_permissions":null,"delete_rule":null,"appearance_id":null,"title_es":null,"title_fr":null,"description_es":null,"description_fr":null,"validation_message_es":null,"validation_message_fr":null,"field_type_id_display":"Date","appearance_id_display":null,"file_type_id_display":null,"data_source_id_display":null,"parent_id_display":"File Extention Types","created_user_id_display":"IMS","updated_user_id_display":"IMS"},{"id":"24751","name":"token","title":"Token","parent_id":"11","field_type_id":"1","data_source_id":null,"data_source_display_column":null,"data_source_value_column":null,"is_multi":null,"sort":"0","is_hidden":"1","is_primary_column":"0","group_name":null,"size":null,"is_required":null,"str_length":null,"method":null,"is_read_only":"1","data_source_filter_by_field_name":null,"data_source_filter_by_field_name_in_db":null,"tab_name":null,"hide_in_fc_summary":null,"default_value":null,"is_system_field":"1","data_source_value_column_is_text":null,"description":null,"file_type_id":null,"allow_basic_html_tags":null,"is_unique":null,"data_source_from_string":null,"created_user_id":"520","updated_user_id":"520","created_date":"2020-01-21 14:00:51.037","last_update_date":"2021-02-11 11:22:01.090","on_delete_cascade":null,"required_condition":null,"dependencies":null,"location":null,"validation_pattern":null,"validation_condition":null,"validation_message":null,"data_source_fixed_where_condition":null,"min":null,"max":null,"appearance":null,"token":null,"data_source_from_query":null,"title_ar":null,"title_ku":null,"description_ar":null,"description_ku":null,"validation_message_ku":null,"validation_message_ar":null,"read_only_condition":null,"data_source_sort_column":null,"use_parent_permissions":null,"delete_rule":null,"appearance_id":null,"title_es":null,"title_fr":null,"description_es":null,"description_fr":null,"validation_message_es":null,"validation_message_fr":null,"field_type_id_display":"Text","appearance_id_display":null,"file_type_id_display":null,"data_source_id_display":null,"parent_id_display":"File Extention Types","created_user_id_display":"IMS","updated_user_id_display":"IMS"},{"id":"1254","name":"updated_user_id","title":"Updated User","parent_id":"11","field_type_id":"2","data_source_id":"40","data_source_display_column":"full_name","data_source_value_column":"id","is_multi":"0","sort":"0","is_hidden":"1","is_primary_column":"0","group_name":null,"size":null,"is_required":"0","str_length":null,"method":null,"is_read_only":"1","data_source_filter_by_field_name":null,"data_source_filter_by_field_name_in_db":null,"tab_name":null,"hide_in_fc_summary":"0","default_value":null,"is_system_field":"1","data_source_value_column_is_text":"0","description":null,"file_type_id":null,"allow_basic_html_tags":null,"is_unique":"0","data_source_from_string":null,"created_user_id":"520","updated_user_id":"520","created_date":null,"last_update_date":"2021-02-11 11:22:01.090","on_delete_cascade":"0","required_condition":null,"dependencies":null,"location":null,"validation_pattern":null,"validation_condition":null,"validation_message":null,"data_source_fixed_where_condition":null,"min":null,"max":null,"appearance":null,"token":null,"data_source_from_query":null,"title_ar":null,"title_ku":null,"description_ar":null,"description_ku":null,"validation_message_ku":null,"validation_message_ar":null,"read_only_condition":null,"data_source_sort_column":null,"use_parent_permissions":null,"delete_rule":null,"appearance_id":null,"title_es":null,"title_fr":null,"description_es":null,"description_fr":null,"validation_message_es":null,"validation_message_fr":null,"field_type_id_display":"Combobox","appearance_id_display":null,"file_type_id_display":null,"data_source_id_display":"Users","parent_id_display":"File Extention Types","created_user_id_display":"IMS","updated_user_id_display":"IMS"},{"id":"105","name":"name","title":"Name","parent_id":"11","field_type_id":"1","data_source_id":null,"data_source_display_column":null,"data_source_value_column":null,"is_multi":"0","sort":"1","is_hidden":"0","is_primary_column":"0","group_name":null,"size":null,"is_required":"1","str_length":null,"method":null,"is_read_only":"0","data_source_filter_by_field_name":null,"data_source_filter_by_field_name_in_db":null,"tab_name":null,"hide_in_fc_summary":"0","default_value":null,"is_system_field":"0","data_source_value_column_is_text":"0","description":null,"file_type_id":null,"allow_basic_html_tags":null,"is_unique":"0","data_source_from_string":null,"created_user_id":"520","updated_user_id":"520","created_date":null,"last_update_date":"2021-02-11 11:22:01.090","on_delete_cascade":"0","required_condition":null,"dependencies":null,"location":null,"validation_pattern":null,"validation_condition":null,"validation_message":null,"data_source_fixed_where_condition":null,"min":null,"max":null,"appearance":null,"token":null,"data_source_from_query":null,"title_ar":null,"title_ku":null,"description_ar":null,"description_ku":null,"validation_message_ku":null,"validation_message_ar":null,"read_only_condition":null,"data_source_sort_column":null,"use_parent_permissions":null,"delete_rule":null,"appearance_id":null,"title_es":null,"title_fr":null,"description_es":null,"description_fr":null,"validation_message_es":null,"validation_message_fr":null,"field_type_id_display":"Text","appearance_id_display":null,"file_type_id_display":null,"data_source_id_display":null,"parent_id_display":"File Extention Types","created_user_id_display":"IMS","updated_user_id_display":"IMS"},{"id":"106","name":"extension","title":"Extension","parent_id":"11","field_type_id":"1","data_source_id":null,"data_source_display_column":null,"data_source_value_column":null,"is_multi":"0","sort":"2","is_hidden":"0","is_primary_column":"0","group_name":null,"size":null,"is_required":"0","str_length":null,"method":null,"is_read_only":"0","data_source_filter_by_field_name":null,"data_source_filter_by_field_name_in_db":null,"tab_name":null,"hide_in_fc_summary":"0","default_value":null,"is_system_field":"0","data_source_value_column_is_text":"0","description":null,"file_type_id":null,"allow_basic_html_tags":null,"is_unique":"0","data_source_from_string":null,"created_user_id":"520","updated_user_id":"520","created_date":null,"last_update_date":"2021-02-11 11:22:01.090","on_delete_cascade":"0","required_condition":null,"dependencies":null,"location":null,"validation_pattern":null,"validation_condition":null,"validation_message":null,"data_source_fixed_where_condition":null,"min":null,"max":null,"appearance":null,"token":null,"data_source_from_query":null,"title_ar":null,"title_ku":null,"description_ar":null,"description_ku":null,"validation_message_ku":null,"validation_message_ar":null,"read_only_condition":null,"data_source_sort_column":null,"use_parent_permissions":null,"delete_rule":null,"appearance_id":null,"title_es":null,"title_fr":null,"description_es":null,"description_fr":null,"validation_message_es":null,"validation_message_fr":null,"field_type_id_display":"Text","appearance_id_display":null,"file_type_id_display":null,"data_source_id_display":null,"parent_id_display":"File Extention Types","created_user_id_display":"IMS","updated_user_id_display":"IMS"}],"field_groups":[],"field_permissions":[],"permissions":[],"status_settings":[]}