{"id":"2","name":"ctypes_fields","title":"Content Type Fields","category":"Field Collection","category_id":"2","description":null,"module":null,"last_update_date":"2021-02-11 11:22:00.980","view_id":null,"created_user_name":"IMS","last_updated_user_name":"IMS","data":[{"name":"ctypes_fields","type":"main","data":[{"name":"field_types","id":"13","category":"Taxonomy","category_id":"3","title":"Field Types","created_user_name":"IMS","last_updated_user_name":"IMS"},{"name":"field_type_apperances","id":"812","category":"Taxonomy","category_id":"3","title":"Field Type Apperance","created_user_name":"IMS","last_updated_user_name":"IMS"},{"name":"file_extension_types","id":"11","category":"Taxonomy","category_id":"3","title":"File Extention Types","created_user_name":"IMS","last_updated_user_name":"IMS"},{"name":"ctypes","id":"1","category":"Content Type","category_id":"1","title":"Content Types","created_user_name":"IMS","last_updated_user_name":"IMS"},{"name":"users","id":"40","category":"Content Type","category_id":"1","title":"Users","created_user_name":"IMS","last_updated_user_name":"IMS"}]}]}