{"id":"30","name":"crons","title":"Crons","category":"Content Type","category_id":"1","description":null,"module":"Admin Module","last_update_date":"2021-02-11 11:22:00.980","view_id":"102","created_user_name":"IMS","last_updated_user_name":"IMS","data":[{"name":"crons_field_collections","id":"32","type":"fc","data":[{"id":"40","name":"users","category":"Content Type","category_id":"1","title":"Users","created_user_name":"IMS","last_updated_user_name":"IMS"},{"id":"30","name":"crons","category":"Content Type","category_id":"1","title":"Crons","created_user_name":"IMS","last_updated_user_name":"IMS"}]},{"name":"crons_fields","id":"31","type":"fc","data":[{"id":"40","name":"users","category":"Content Type","category_id":"1","title":"Users","created_user_name":"IMS","last_updated_user_name":"IMS"},{"id":"30","name":"crons","category":"Content Type","category_id":"1","title":"Crons","created_user_name":"IMS","last_updated_user_name":"IMS"}]},{"name":"crons","type":"main","data":[{"name":"users","id":"40","category":"Content Type","category_id":"1","title":"Users","created_user_name":"IMS","last_updated_user_name":"IMS"},{"name":"ctypes","id":"1","category":"Content Type","category_id":"1","title":"Content Types","created_user_name":"IMS","last_updated_user_name":"IMS"},{"name":"db_connection_strings","id":"521","category":"Taxonomy","category_id":"3","title":"Database Connection Strings","created_user_name":"IMS","last_updated_user_name":"IMS"},{"name":"crons_field_collections","id":"32","category":"Field Collection","category_id":"2","title":"Crons Field Collections","created_user_name":"IMS","last_updated_user_name":"IMS"},{"name":"crons_fields","id":"31","category":"Field Collection","category_id":"2","title":"Crons Fields","created_user_name":"IMS","last_updated_user_name":"IMS"}]}]}