{"id":"8","name":"status_workflow_templates_items","title":"Status Workflow Template Items","category":"Field Collection","category_id":"2","description":null,"module":null,"last_update_date":"2021-02-11 11:22:00.980","view_id":null,"created_user_name":"IMS","last_updated_user_name":"IMS","data":[{"name":"status_workflow_templates_items","type":"main","data":[{"name":"users","id":"40","category":"Content Type","category_id":"1","title":"Users","created_user_name":"IMS","last_updated_user_name":"IMS"},{"name":"status_workflow_templates","id":"7","category":"Content Type","category_id":"1","title":"Status Workflow Templates","created_user_name":"IMS","last_updated_user_name":"IMS"},{"name":"status_list","id":"6","category":"Taxonomy","category_id":"3","title":"Status List","created_user_name":"IMS","last_updated_user_name":"IMS"},{"name":"roles","id":"43","category":"Taxonomy","category_id":"3","title":"Roles","created_user_name":"IMS","last_updated_user_name":"IMS"}]}]}