{"id":"803","name":"users_detailed_permissions","title":"Users Detailed Permissions","category":"Field Collection","category_id":"2","description":null,"module":null,"last_update_date":"2021-02-11 11:22:00.980","view_id":null,"created_user_name":"IMS","last_updated_user_name":"IMS","data":[{"name":"users_detailed_permissions","type":"main","data":[{"name":"users","id":"40","category":"Content Type","category_id":"1","title":"Users","created_user_name":"IMS","last_updated_user_name":"IMS"},{"name":"roles","id":"43","category":"Taxonomy","category_id":"3","title":"Roles","created_user_name":"IMS","last_updated_user_name":"IMS"},{"name":"units","id":"44","category":"Taxonomy","category_id":"3","title":"Units","created_user_name":"IMS","last_updated_user_name":"IMS"},{"name":"governorates","id":"47","category":"Taxonomy","category_id":"3","title":"Governorates","created_user_name":"IMS","last_updated_user_name":"IMS"},{"name":"programmes","id":"48","category":"Taxonomy","category_id":"3","title":"Projects","created_user_name":"IMS","last_updated_user_name":"IMS"}]}]}