{"id":"812","name":"field_type_apperances","title":"Field Type Apperance","category":"Taxonomy","category_id":"3","description":null,"module":null,"last_update_date":"2021-02-11 11:22:00.980","view_id":null,"created_user_name":"IMS","last_updated_user_name":"IMS","data":[{"name":"field_type_apperances","type":"main","data":[{"name":"users","id":"40","category":"Content Type","category_id":"1","title":"Users","created_user_name":"IMS","last_updated_user_name":"IMS"},{"name":"field_types","id":"13","category":"Taxonomy","category_id":"3","title":"Field Types","created_user_name":"IMS","last_updated_user_name":"IMS"}]}]}