{"id":"470","name":"views_filters_operators","title":"View Filter Operators","category":"Taxonomy","category_id":"3","description":null,"module":null,"last_update_date":"2021-02-11 11:22:00.980","view_id":null,"created_user_name":"IMS","last_updated_user_name":"IMS","data":[{"name":"views_filters_operators","type":"main","data":[{"name":"field_types","id":"13","category":"Taxonomy","category_id":"3","title":"Field Types","created_user_name":"IMS","last_updated_user_name":"IMS"},{"name":"users","id":"40","category":"Content Type","category_id":"1","title":"Users","created_user_name":"IMS","last_updated_user_name":"IMS"}]}]}