{"id":"473","name":"modules_items","title":"Modules Items","category":"Field Collection","category_id":"2","description":null,"module":null,"last_update_date":"2021-02-11 11:22:00.980","view_id":null,"created_user_name":"IMS","last_updated_user_name":"IMS","data":[{"name":"modules_items","type":"main","data":[{"name":"users","id":"40","category":"Content Type","category_id":"1","title":"Users","created_user_name":"IMS","last_updated_user_name":"IMS"},{"name":"ctypes","id":"1","category":"Content Type","category_id":"1","title":"Content Types","created_user_name":"IMS","last_updated_user_name":"IMS"},{"name":"actions_permissions","id":"172","category":"Content Type","category_id":"1","title":"Actions Permissions","created_user_name":"IMS","last_updated_user_name":"IMS"}]}]}