{"id":"24","name":"views_actions","title":"Views Actions","category":"Field Collection","category_id":"2","description":null,"module":null,"last_update_date":"2021-02-11 11:22:00.980","view_id":null,"created_user_name":"IMS","last_updated_user_name":"IMS","data":[{"name":"views_actions","type":"main","data":[{"name":"views","id":"20","category":"Content Type","category_id":"1","title":"Views","created_user_name":"IMS","last_updated_user_name":"IMS"},{"name":"status_list","id":"6","category":"Taxonomy","category_id":"3","title":"Status List","created_user_name":"IMS","last_updated_user_name":"IMS"},{"name":"actions_permissions","id":"172","category":"Content Type","category_id":"1","title":"Actions Permissions","created_user_name":"IMS","last_updated_user_name":"IMS"},{"name":"users","id":"40","category":"Content Type","category_id":"1","title":"Users","created_user_name":"IMS","last_updated_user_name":"IMS"}]}]}