{"id":"40","name":"users","title":"Users","category":"Content Type","category_id":"1","description":null,"module":"Admin Module","last_update_date":"2021-02-11 11:22:00.980","view_id":"3","created_user_name":"IMS","last_updated_user_name":"IMS","data":[{"name":"users_sessions","id":"61","type":"fc","data":[{"id":"40","name":"users","category":"Content Type","category_id":"1","title":"Users","created_user_name":"IMS","last_updated_user_name":"IMS"}]},{"name":"users_detailed_permissions","id":"803","type":"fc","data":[{"id":"40","name":"users","category":"Content Type","category_id":"1","title":"Users","created_user_name":"IMS","last_updated_user_name":"IMS"},{"id":"43","name":"roles","category":"Taxonomy","category_id":"3","title":"Roles","created_user_name":"IMS","last_updated_user_name":"IMS"},{"id":"44","name":"units","category":"Taxonomy","category_id":"3","title":"Units","created_user_name":"IMS","last_updated_user_name":"IMS"},{"id":"47","name":"governorates","category":"Taxonomy","category_id":"3","title":"Governorates","created_user_name":"IMS","last_updated_user_name":"IMS"},{"id":"48","name":"programmes","category":"Taxonomy","category_id":"3","title":"Projects","created_user_name":"IMS","last_updated_user_name":"IMS"}]},{"name":"users","type":"main","data":[{"name":"users","id":"40","category":"Content Type","category_id":"1","title":"Users","created_user_name":"IMS","last_updated_user_name":"IMS"},{"name":"genders","id":"46","category":"Taxonomy","category_id":"3","title":"Genders","created_user_name":"IMS","last_updated_user_name":"IMS"},{"name":"languages","id":"430","category":"Taxonomy","category_id":"3","title":"Languages","created_user_name":"IMS","last_updated_user_name":"IMS"},{"name":"positions","id":"45","category":"Taxonomy","category_id":"3","title":"Positions","created_user_name":"IMS","last_updated_user_name":"IMS"},{"name":"users_sessions","id":"61","category":"Field Collection","category_id":"2","title":"Users Sessions","created_user_name":"IMS","last_updated_user_name":"IMS"},{"name":"roles","id":"43","category":"Taxonomy","category_id":"3","title":"Roles","created_user_name":"IMS","last_updated_user_name":"IMS"},{"name":"units","id":"44","category":"Taxonomy","category_id":"3","title":"Units","created_user_name":"IMS","last_updated_user_name":"IMS"},{"name":"governorates","id":"47","category":"Taxonomy","category_id":"3","title":"Governorates","created_user_name":"IMS","last_updated_user_name":"IMS"},{"name":"programmes","id":"48","category":"Taxonomy","category_id":"3","title":"Projects","created_user_name":"IMS","last_updated_user_name":"IMS"},{"name":"users_detailed_permissions","id":"803","category":"Field Collection","category_id":"2","title":"Users Detailed Permissions","created_user_name":"IMS","last_updated_user_name":"IMS"}]}]}