{"id":"286","name":"ctypes_status_settings","title":"Content Types Status Settings","category":"Field Collection","category_id":"2","description":null,"module":null,"last_update_date":"2021-02-11 11:22:00.980","view_id":null,"created_user_name":"IMS","last_updated_user_name":"IMS","data":[{"name":"ctypes_status_settings","type":"main","data":[{"name":"users","id":"40","category":"Content Type","category_id":"1","title":"Users","created_user_name":"IMS","last_updated_user_name":"IMS"},{"name":"status_list","id":"6","category":"Taxonomy","category_id":"3","title":"Status List","created_user_name":"IMS","last_updated_user_name":"IMS"}]}]}