{"sett_ctype_name":"ctypes","id":"6","name":"status_list","title":"Status List","view_id":"105","is_system_object":"1","exclude_from_generic_controller":"0","category_id":"3","governorate_field_name":null,"form_type_field_name":null,"status_workflow_tempalate":null,"programme_field_name":null,"create_revision":"0","created_user_id":"520","updated_user_id":"520","created_date":null,"last_update_date":"2021-02-11 11:22:00.980","has_pre_save_fn":"0","has_post_save_fn":"0","has_pre_update_status_fn":"0","unit_field_name":null,"has_post_update_status_fn":"0","display_field_name":null,"token":"A731BAE6-4B09-4485-A11D-01DC9C7CA8B9","disable_add":"0","disable_delete":"0","disable_edit":"0","disable_read":"1","justification_for_edit_is_required":"1","title_ar":null,"title_ku":null,"module_id":"1","icon":null,"use_generic_status":"0","redirect_after_save":null,"has_post_delete_fn":"0","has_pre_delete_fn":"1","use_custom_tpl":"0","parent_ctype_id":null,"allow_drag_drop_to_sort":"0","is_deleted":null,"description":null,"title_es":null,"title_fr":null,"view_id_display":"Status List View","category_id_display":"Taxonomy","parent_ctype_id_display":null,"module_id_display":"Admin Module","created_user_id_display":"IMS","updated_user_id_display":"IMS","fields":[{"id":"31012","name":"is_system_object","title":"Is System Object","parent_id":"6","field_type_id":"9","data_source_id":null,"data_source_display_column":null,"data_source_value_column":null,"is_multi":"0","sort":"0","is_hidden":"0","is_primary_column":"0","group_name":null,"size":null,"is_required":"0","str_length":null,"method":null,"is_read_only":"0","data_source_filter_by_field_name":null,"data_source_filter_by_field_name_in_db":null,"tab_name":null,"hide_in_fc_summary":"0","default_value":null,"is_system_field":"0","data_source_value_column_is_text":"0","description":null,"file_type_id":null,"allow_basic_html_tags":null,"is_unique":"0","data_source_from_string":null,"created_user_id":"520","updated_user_id":"520","created_date":"2020-09-15 16:29:13.867","last_update_date":"2021-02-11 11:22:01.090","on_delete_cascade":"0","required_condition":null,"dependencies":null,"location":null,"validation_pattern":null,"validation_condition":null,"validation_message":null,"data_source_fixed_where_condition":null,"min":null,"max":null,"appearance":null,"token":"13A93A72-3C39-4610-9307-60F7434F1C67","data_source_from_query":null,"title_ar":null,"title_ku":null,"description_ar":null,"description_ku":null,"validation_message_ku":null,"validation_message_ar":null,"read_only_condition":null,"data_source_sort_column":null,"use_parent_permissions":"1","delete_rule":null,"appearance_id":null,"title_es":null,"title_fr":null,"description_es":null,"description_fr":null,"validation_message_es":null,"validation_message_fr":null,"field_type_id_display":"Yes\/No","appearance_id_display":null,"file_type_id_display":null,"data_source_id_display":null,"parent_id_display":"Status List","created_user_id_display":"IMS","updated_user_id_display":"IMS"},{"id":"3673","name":"actual_date_field_name","title":"Actual Date Field Name","parent_id":"6","field_type_id":"1","data_source_id":null,"data_source_display_column":null,"data_source_value_column":null,"is_multi":"0","sort":"1","is_hidden":"0","is_primary_column":"0","group_name":null,"size":null,"is_required":"0","str_length":null,"method":null,"is_read_only":"0","data_source_filter_by_field_name":null,"data_source_filter_by_field_name_in_db":null,"tab_name":null,"hide_in_fc_summary":"0","default_value":null,"is_system_field":"0","data_source_value_column_is_text":"0","description":null,"file_type_id":null,"allow_basic_html_tags":null,"is_unique":"0","data_source_from_string":null,"created_user_id":"520","updated_user_id":"520","created_date":"2019-11-09 10:55:15.707","last_update_date":"2021-02-11 11:22:01.090","on_delete_cascade":"0","required_condition":null,"dependencies":null,"location":null,"validation_pattern":null,"validation_condition":null,"validation_message":null,"data_source_fixed_where_condition":null,"min":null,"max":null,"appearance":null,"token":"68DBE02A-81DF-4FFB-B0AC-BA4A4A3AF2A8","data_source_from_query":null,"title_ar":null,"title_ku":null,"description_ar":null,"description_ku":null,"validation_message_ku":null,"validation_message_ar":null,"read_only_condition":null,"data_source_sort_column":null,"use_parent_permissions":"0","delete_rule":null,"appearance_id":null,"title_es":null,"title_fr":null,"description_es":null,"description_fr":null,"validation_message_es":null,"validation_message_fr":null,"field_type_id_display":"Text","appearance_id_display":null,"file_type_id_display":null,"data_source_id_display":null,"parent_id_display":"Status List","created_user_id_display":"IMS","updated_user_id_display":"IMS"},{"id":"24424","name":"group_name","title":"Group","parent_id":"6","field_type_id":"1","data_source_id":null,"data_source_display_column":null,"data_source_value_column":null,"is_multi":"0","sort":"2","is_hidden":"0","is_primary_column":"0","group_name":null,"size":"2","is_required":"0","str_length":null,"method":null,"is_read_only":"0","data_source_filter_by_field_name":null,"data_source_filter_by_field_name_in_db":null,"tab_name":null,"hide_in_fc_summary":"0","default_value":null,"is_system_field":"0","data_source_value_column_is_text":"0","description":null,"file_type_id":null,"allow_basic_html_tags":null,"is_unique":"0","data_source_from_string":null,"created_user_id":"520","updated_user_id":"520","created_date":"2019-12-15 09:13:03.520","last_update_date":"2021-02-11 11:22:01.090","on_delete_cascade":"0","required_condition":null,"dependencies":null,"location":null,"validation_pattern":null,"validation_condition":null,"validation_message":null,"data_source_fixed_where_condition":null,"min":null,"max":null,"appearance":null,"token":"E8A44C2D-A25A-4C63-88A0-0BA168106F68","data_source_from_query":null,"title_ar":null,"title_ku":null,"description_ar":null,"description_ku":null,"validation_message_ku":null,"validation_message_ar":null,"read_only_condition":null,"data_source_sort_column":null,"use_parent_permissions":"0","delete_rule":null,"appearance_id":null,"title_es":null,"title_fr":null,"description_es":null,"description_fr":null,"validation_message_es":null,"validation_message_fr":null,"field_type_id_display":"Text","appearance_id_display":null,"file_type_id_display":null,"data_source_id_display":null,"parent_id_display":"Status List","created_user_id_display":"IMS","updated_user_id_display":"IMS"},{"id":"3671","name":"is_actual_date_required","title":"Is Actual Date Required","parent_id":"6","field_type_id":"9","data_source_id":null,"data_source_display_column":null,"data_source_value_column":null,"is_multi":"0","sort":"3","is_hidden":"0","is_primary_column":"0","group_name":null,"size":null,"is_required":"0","str_length":null,"method":null,"is_read_only":"0","data_source_filter_by_field_name":null,"data_source_filter_by_field_name_in_db":null,"tab_name":null,"hide_in_fc_summary":"0","default_value":null,"is_system_field":"0","data_source_value_column_is_text":"0","description":null,"file_type_id":null,"allow_basic_html_tags":null,"is_unique":"0","data_source_from_string":null,"created_user_id":"520","updated_user_id":"520","created_date":"2019-11-09 10:26:21.720","last_update_date":"2021-02-11 11:22:01.090","on_delete_cascade":"0","required_condition":null,"dependencies":null,"location":null,"validation_pattern":null,"validation_condition":null,"validation_message":null,"data_source_fixed_where_condition":null,"min":null,"max":null,"appearance":null,"token":"7BB96CCA-1712-4077-8D82-0BC59B3FEAD2","data_source_from_query":null,"title_ar":null,"title_ku":null,"description_ar":null,"description_ku":null,"validation_message_ku":null,"validation_message_ar":null,"read_only_condition":null,"data_source_sort_column":null,"use_parent_permissions":"0","delete_rule":null,"appearance_id":null,"title_es":null,"title_fr":null,"description_es":null,"description_fr":null,"validation_message_es":null,"validation_message_fr":null,"field_type_id_display":"Yes\/No","appearance_id_display":null,"file_type_id_display":null,"data_source_id_display":null,"parent_id_display":"Status List","created_user_id_display":"IMS","updated_user_id_display":"IMS"},{"id":"3672","name":"is_justification_required","title":"Is Justification Required","parent_id":"6","field_type_id":"9","data_source_id":null,"data_source_display_column":null,"data_source_value_column":null,"is_multi":"0","sort":"4","is_hidden":"0","is_primary_column":"0","group_name":null,"size":null,"is_required":"0","str_length":null,"method":null,"is_read_only":"0","data_source_filter_by_field_name":null,"data_source_filter_by_field_name_in_db":null,"tab_name":null,"hide_in_fc_summary":"0","default_value":null,"is_system_field":"0","data_source_value_column_is_text":"0","description":null,"file_type_id":null,"allow_basic_html_tags":null,"is_unique":"0","data_source_from_string":null,"created_user_id":"520","updated_user_id":"520","created_date":"2019-11-09 10:26:21.720","last_update_date":"2021-02-11 11:22:01.090","on_delete_cascade":"0","required_condition":null,"dependencies":null,"location":null,"validation_pattern":null,"validation_condition":null,"validation_message":null,"data_source_fixed_where_condition":null,"min":null,"max":null,"appearance":null,"token":"303022A5-5225-416E-8EF7-89227FEA0E05","data_source_from_query":null,"title_ar":null,"title_ku":null,"description_ar":null,"description_ku":null,"validation_message_ku":null,"validation_message_ar":null,"read_only_condition":null,"data_source_sort_column":null,"use_parent_permissions":"0","delete_rule":null,"appearance_id":null,"title_es":null,"title_fr":null,"description_es":null,"description_fr":null,"validation_message_es":null,"validation_message_fr":null,"field_type_id_display":"Yes\/No","appearance_id_display":null,"file_type_id_display":null,"data_source_id_display":null,"parent_id_display":"Status List","created_user_id_display":"IMS","updated_user_id_display":"IMS"},{"id":"3591","name":"old_mis_tid","title":"Old MIS TID","parent_id":"6","field_type_id":"6","data_source_id":null,"data_source_display_column":null,"data_source_value_column":null,"is_multi":"0","sort":"5","is_hidden":"0","is_primary_column":"0","group_name":null,"size":null,"is_required":"0","str_length":null,"method":null,"is_read_only":"0","data_source_filter_by_field_name":null,"data_source_filter_by_field_name_in_db":null,"tab_name":null,"hide_in_fc_summary":"0","default_value":null,"is_system_field":"0","data_source_value_column_is_text":"0","description":null,"file_type_id":null,"allow_basic_html_tags":null,"is_unique":"0","data_source_from_string":null,"created_user_id":"520","updated_user_id":"520","created_date":"2019-11-03 13:19:13.000","last_update_date":"2021-02-11 11:22:01.090","on_delete_cascade":"0","required_condition":null,"dependencies":null,"location":null,"validation_pattern":null,"validation_condition":null,"validation_message":null,"data_source_fixed_where_condition":null,"min":null,"max":null,"appearance":null,"token":"5D3DD6A9-97B5-42CA-8FAE-F2E1DF4EA620","data_source_from_query":null,"title_ar":null,"title_ku":null,"description_ar":null,"description_ku":null,"validation_message_ku":null,"validation_message_ar":null,"read_only_condition":null,"data_source_sort_column":null,"use_parent_permissions":"0","delete_rule":null,"appearance_id":null,"title_es":null,"title_fr":null,"description_es":null,"description_fr":null,"validation_message_es":null,"validation_message_fr":null,"field_type_id_display":"Number","appearance_id_display":null,"file_type_id_display":null,"data_source_id_display":null,"parent_id_display":"Status List","created_user_id_display":"IMS","updated_user_id_display":"IMS"},{"id":"24746","name":"token","title":"Token","parent_id":"6","field_type_id":"1","data_source_id":null,"data_source_display_column":null,"data_source_value_column":null,"is_multi":"0","sort":"6","is_hidden":"1","is_primary_column":"0","group_name":null,"size":null,"is_required":"0","str_length":null,"method":null,"is_read_only":"1","data_source_filter_by_field_name":null,"data_source_filter_by_field_name_in_db":null,"tab_name":null,"hide_in_fc_summary":"0","default_value":null,"is_system_field":"1","data_source_value_column_is_text":"0","description":null,"file_type_id":null,"allow_basic_html_tags":null,"is_unique":"0","data_source_from_string":null,"created_user_id":"520","updated_user_id":"520","created_date":"2020-01-21 14:00:51.037","last_update_date":"2021-02-11 11:22:01.090","on_delete_cascade":"0","required_condition":null,"dependencies":null,"location":null,"validation_pattern":null,"validation_condition":null,"validation_message":null,"data_source_fixed_where_condition":null,"min":null,"max":null,"appearance":null,"token":"2A6115B7-31E0-4611-87F1-3A447C2508C2","data_source_from_query":null,"title_ar":null,"title_ku":null,"description_ar":null,"description_ku":null,"validation_message_ku":null,"validation_message_ar":null,"read_only_condition":null,"data_source_sort_column":null,"use_parent_permissions":"0","delete_rule":null,"appearance_id":null,"title_es":null,"title_fr":null,"description_es":null,"description_fr":null,"validation_message_es":null,"validation_message_fr":null,"field_type_id_display":"Text","appearance_id_display":null,"file_type_id_display":null,"data_source_id_display":null,"parent_id_display":"Status List","created_user_id_display":"IMS","updated_user_id_display":"IMS"},{"id":"1226","name":"updated_user_id","title":"Updated User","parent_id":"6","field_type_id":"2","data_source_id":"40","data_source_display_column":"full_name","data_source_value_column":"id","is_multi":"0","sort":"7","is_hidden":"1","is_primary_column":"0","group_name":null,"size":null,"is_required":"0","str_length":null,"method":null,"is_read_only":"1","data_source_filter_by_field_name":null,"data_source_filter_by_field_name_in_db":null,"tab_name":null,"hide_in_fc_summary":"0","default_value":null,"is_system_field":"1","data_source_value_column_is_text":"0","description":null,"file_type_id":null,"allow_basic_html_tags":null,"is_unique":"0","data_source_from_string":null,"created_user_id":"520","updated_user_id":"520","created_date":null,"last_update_date":"2021-02-11 11:22:01.090","on_delete_cascade":"0","required_condition":null,"dependencies":null,"location":null,"validation_pattern":null,"validation_condition":null,"validation_message":null,"data_source_fixed_where_condition":null,"min":null,"max":null,"appearance":null,"token":"AC7402D7-5AFB-4FE9-9557-990B8C4AE46B","data_source_from_query":null,"title_ar":null,"title_ku":null,"description_ar":null,"description_ku":null,"validation_message_ku":null,"validation_message_ar":null,"read_only_condition":null,"data_source_sort_column":null,"use_parent_permissions":"0","delete_rule":null,"appearance_id":null,"title_es":null,"title_fr":null,"description_es":null,"description_fr":null,"validation_message_es":null,"validation_message_fr":null,"field_type_id_display":"Combobox","appearance_id_display":null,"file_type_id_display":null,"data_source_id_display":"Users","parent_id_display":"Status List","created_user_id_display":"IMS","updated_user_id_display":"IMS"},{"id":"1228","name":"last_update_date","title":"Last Update Date","parent_id":"6","field_type_id":"4","data_source_id":null,"data_source_display_column":null,"data_source_value_column":null,"is_multi":"0","sort":"8","is_hidden":"1","is_primary_column":"0","group_name":null,"size":null,"is_required":"0","str_length":null,"method":null,"is_read_only":"1","data_source_filter_by_field_name":null,"data_source_filter_by_field_name_in_db":null,"tab_name":null,"hide_in_fc_summary":"0","default_value":null,"is_system_field":"1","data_source_value_column_is_text":"0","description":null,"file_type_id":null,"allow_basic_html_tags":null,"is_unique":"0","data_source_from_string":null,"created_user_id":"520","updated_user_id":"520","created_date":null,"last_update_date":"2021-02-11 11:22:01.090","on_delete_cascade":"0","required_condition":null,"dependencies":null,"location":null,"validation_pattern":null,"validation_condition":null,"validation_message":null,"data_source_fixed_where_condition":null,"min":null,"max":null,"appearance":null,"token":"50B517BE-DCA1-467C-887A-B7D67FFC722F","data_source_from_query":null,"title_ar":null,"title_ku":null,"description_ar":null,"description_ku":null,"validation_message_ku":null,"validation_message_ar":null,"read_only_condition":null,"data_source_sort_column":null,"use_parent_permissions":"0","delete_rule":null,"appearance_id":null,"title_es":null,"title_fr":null,"description_es":null,"description_fr":null,"validation_message_es":null,"validation_message_fr":null,"field_type_id_display":"Date","appearance_id_display":null,"file_type_id_display":null,"data_source_id_display":null,"parent_id_display":"Status List","created_user_id_display":"IMS","updated_user_id_display":"IMS"},{"id":"78","name":"id","title":"Id","parent_id":"6","field_type_id":"6","data_source_id":null,"data_source_display_column":null,"data_source_value_column":null,"is_multi":"0","sort":"9","is_hidden":"1","is_primary_column":"1","group_name":null,"size":null,"is_required":"0","str_length":null,"method":null,"is_read_only":"0","data_source_filter_by_field_name":null,"data_source_filter_by_field_name_in_db":null,"tab_name":null,"hide_in_fc_summary":"0","default_value":null,"is_system_field":"1","data_source_value_column_is_text":"0","description":null,"file_type_id":null,"allow_basic_html_tags":null,"is_unique":"0","data_source_from_string":null,"created_user_id":"520","updated_user_id":"520","created_date":null,"last_update_date":"2021-02-11 11:22:01.090","on_delete_cascade":"0","required_condition":null,"dependencies":null,"location":null,"validation_pattern":null,"validation_condition":null,"validation_message":null,"data_source_fixed_where_condition":null,"min":null,"max":null,"appearance":null,"token":"1A0A52B4-87CD-417E-9511-6028B86F320E","data_source_from_query":null,"title_ar":null,"title_ku":null,"description_ar":null,"description_ku":null,"validation_message_ku":null,"validation_message_ar":null,"read_only_condition":null,"data_source_sort_column":null,"use_parent_permissions":"0","delete_rule":null,"appearance_id":null,"title_es":null,"title_fr":null,"description_es":null,"description_fr":null,"validation_message_es":null,"validation_message_fr":null,"field_type_id_display":"Number","appearance_id_display":null,"file_type_id_display":null,"data_source_id_display":null,"parent_id_display":"Status List","created_user_id_display":"IMS","updated_user_id_display":"IMS"},{"id":"1227","name":"created_date","title":"Created Date","parent_id":"6","field_type_id":"4","data_source_id":null,"data_source_display_column":null,"data_source_value_column":null,"is_multi":"0","sort":"10","is_hidden":"1","is_primary_column":"0","group_name":null,"size":null,"is_required":"0","str_length":null,"method":null,"is_read_only":"1","data_source_filter_by_field_name":null,"data_source_filter_by_field_name_in_db":null,"tab_name":null,"hide_in_fc_summary":"0","default_value":null,"is_system_field":"1","data_source_value_column_is_text":"0","description":null,"file_type_id":null,"allow_basic_html_tags":null,"is_unique":"0","data_source_from_string":null,"created_user_id":"520","updated_user_id":"520","created_date":null,"last_update_date":"2021-02-11 11:22:01.090","on_delete_cascade":"0","required_condition":null,"dependencies":null,"location":null,"validation_pattern":null,"validation_condition":null,"validation_message":null,"data_source_fixed_where_condition":null,"min":null,"max":null,"appearance":null,"token":"E5384177-ADD0-45A2-B825-64B871956E51","data_source_from_query":null,"title_ar":null,"title_ku":null,"description_ar":null,"description_ku":null,"validation_message_ku":null,"validation_message_ar":null,"read_only_condition":null,"data_source_sort_column":null,"use_parent_permissions":"0","delete_rule":null,"appearance_id":null,"title_es":null,"title_fr":null,"description_es":null,"description_fr":null,"validation_message_es":null,"validation_message_fr":null,"field_type_id_display":"Date","appearance_id_display":null,"file_type_id_display":null,"data_source_id_display":null,"parent_id_display":"Status List","created_user_id_display":"IMS","updated_user_id_display":"IMS"},{"id":"1225","name":"created_user_id","title":"Created User","parent_id":"6","field_type_id":"2","data_source_id":"40","data_source_display_column":"full_name","data_source_value_column":"id","is_multi":"0","sort":"11","is_hidden":"1","is_primary_column":"0","group_name":null,"size":null,"is_required":"0","str_length":null,"method":null,"is_read_only":"1","data_source_filter_by_field_name":null,"data_source_filter_by_field_name_in_db":null,"tab_name":null,"hide_in_fc_summary":"0","default_value":null,"is_system_field":"1","data_source_value_column_is_text":"0","description":null,"file_type_id":null,"allow_basic_html_tags":null,"is_unique":"0","data_source_from_string":null,"created_user_id":"520","updated_user_id":"520","created_date":null,"last_update_date":"2021-02-11 11:22:01.090","on_delete_cascade":"0","required_condition":null,"dependencies":null,"location":null,"validation_pattern":null,"validation_condition":null,"validation_message":null,"data_source_fixed_where_condition":null,"min":null,"max":null,"appearance":null,"token":"3AF4AF04-7204-4332-BE99-53CABC1A0CB3","data_source_from_query":null,"title_ar":null,"title_ku":null,"description_ar":null,"description_ku":null,"validation_message_ku":null,"validation_message_ar":null,"read_only_condition":null,"data_source_sort_column":null,"use_parent_permissions":"0","delete_rule":null,"appearance_id":null,"title_es":null,"title_fr":null,"description_es":null,"description_fr":null,"validation_message_es":null,"validation_message_fr":null,"field_type_id_display":"Combobox","appearance_id_display":null,"file_type_id_display":null,"data_source_id_display":"Users","parent_id_display":"Status List","created_user_id_display":"IMS","updated_user_id_display":"IMS"},{"id":"79","name":"name","title":"Name","parent_id":"6","field_type_id":"1","data_source_id":null,"data_source_display_column":null,"data_source_value_column":null,"is_multi":"0","sort":"12","is_hidden":"0","is_primary_column":"0","group_name":null,"size":null,"is_required":"1","str_length":null,"method":null,"is_read_only":"0","data_source_filter_by_field_name":null,"data_source_filter_by_field_name_in_db":null,"tab_name":null,"hide_in_fc_summary":"0","default_value":null,"is_system_field":"0","data_source_value_column_is_text":"0","description":null,"file_type_id":null,"allow_basic_html_tags":null,"is_unique":"1","data_source_from_string":null,"created_user_id":"520","updated_user_id":"520","created_date":null,"last_update_date":"2021-02-11 11:22:01.090","on_delete_cascade":"0","required_condition":null,"dependencies":null,"location":null,"validation_pattern":null,"validation_condition":null,"validation_message":null,"data_source_fixed_where_condition":null,"min":null,"max":null,"appearance":null,"token":"15A241CF-0D24-4BAF-A6D0-D2EF9DD81920","data_source_from_query":null,"title_ar":null,"title_ku":null,"description_ar":null,"description_ku":null,"validation_message_ku":null,"validation_message_ar":null,"read_only_condition":null,"data_source_sort_column":null,"use_parent_permissions":"0","delete_rule":null,"appearance_id":null,"title_es":null,"title_fr":null,"description_es":null,"description_fr":null,"validation_message_es":null,"validation_message_fr":null,"field_type_id_display":"Text","appearance_id_display":null,"file_type_id_display":null,"data_source_id_display":null,"parent_id_display":"Status List","created_user_id_display":"IMS","updated_user_id_display":"IMS"},{"id":"80","name":"style","title":"Style","parent_id":"6","field_type_id":"1","data_source_id":null,"data_source_display_column":null,"data_source_value_column":null,"is_multi":"0","sort":"13","is_hidden":"0","is_primary_column":"0","group_name":null,"size":null,"is_required":"0","str_length":null,"method":null,"is_read_only":"0","data_source_filter_by_field_name":null,"data_source_filter_by_field_name_in_db":null,"tab_name":null,"hide_in_fc_summary":"0","default_value":null,"is_system_field":"0","data_source_value_column_is_text":"0","description":null,"file_type_id":null,"allow_basic_html_tags":null,"is_unique":"0","data_source_from_string":null,"created_user_id":"520","updated_user_id":"520","created_date":null,"last_update_date":"2021-02-11 11:22:01.090","on_delete_cascade":"0","required_condition":null,"dependencies":null,"location":null,"validation_pattern":null,"validation_condition":null,"validation_message":null,"data_source_fixed_where_condition":null,"min":null,"max":null,"appearance":null,"token":"5CD5FDE4-1A46-415D-88BE-8CE0345F8BD8","data_source_from_query":null,"title_ar":null,"title_ku":null,"description_ar":null,"description_ku":null,"validation_message_ku":null,"validation_message_ar":null,"read_only_condition":null,"data_source_sort_column":null,"use_parent_permissions":"0","delete_rule":null,"appearance_id":null,"title_es":null,"title_fr":null,"description_es":null,"description_fr":null,"validation_message_es":null,"validation_message_fr":null,"field_type_id_display":"Text","appearance_id_display":null,"file_type_id_display":null,"data_source_id_display":null,"parent_id_display":"Status List","created_user_id_display":"IMS","updated_user_id_display":"IMS"}],"field_groups":[],"field_permissions":[],"permissions":[],"status_settings":[]}