{"id":"48","name":"programmes","title":"Projects","category":"Taxonomy","category_id":"3","description":null,"module":null,"last_update_date":"2021-02-11 11:22:00.980","view_id":"49","created_user_name":"IMS","last_updated_user_name":"IMS","data":[{"name":"programmes_documents_type_fc","id":"815","type":"fc","data":[{"id":"40","name":"users","category":"Content Type","category_id":"1","title":"Users","created_user_name":"IMS","last_updated_user_name":"IMS"}]},{"name":"programmes","type":"main","data":[{"name":"users","id":"40","category":"Content Type","category_id":"1","title":"Users","created_user_name":"IMS","last_updated_user_name":"IMS"},{"name":"programmes_documents_type_fc","id":"815","category":"Field Collection","category_id":"2","title":"Programme Document Types","created_user_name":"IMS","last_updated_user_name":"IMS"}]}]}