{"sett_ctype_name":"ctypes","id":"812","name":"field_type_apperances","title":"Field Type Apperance","view_id":null,"is_system_object":"1","exclude_from_generic_controller":null,"category_id":"3","governorate_field_name":null,"form_type_field_name":null,"status_workflow_tempalate":null,"programme_field_name":null,"create_revision":"1","created_user_id":"520","updated_user_id":"520","created_date":"2020-12-17 13:02:35.953","last_update_date":"2021-02-11 11:22:00.980","has_pre_save_fn":null,"has_post_save_fn":null,"has_pre_update_status_fn":null,"unit_field_name":null,"has_post_update_status_fn":null,"display_field_name":null,"token":"5FE42260-2AC9-42B1-83A5-7C4A3C8952E8","disable_add":null,"disable_delete":null,"disable_edit":null,"disable_read":null,"justification_for_edit_is_required":"1","title_ar":null,"title_ku":null,"module_id":null,"icon":null,"use_generic_status":null,"redirect_after_save":null,"has_post_delete_fn":null,"has_pre_delete_fn":null,"use_custom_tpl":null,"parent_ctype_id":null,"allow_drag_drop_to_sort":null,"is_deleted":null,"description":null,"title_es":null,"title_fr":null,"view_id_display":null,"category_id_display":"Taxonomy","parent_ctype_id_display":null,"module_id_display":null,"created_user_id_display":"IMS","updated_user_id_display":"IMS","fields":[{"id":"32523","name":"name","title":"Name","parent_id":"812","field_type_id":"1","data_source_id":null,"data_source_display_column":"name","data_source_value_column":"id","is_multi":"0","sort":"0","is_hidden":"0","is_primary_column":"0","group_name":null,"size":"1","is_required":"0","str_length":null,"method":null,"is_read_only":"0","data_source_filter_by_field_name":null,"data_source_filter_by_field_name_in_db":null,"tab_name":null,"hide_in_fc_summary":"0","default_value":null,"is_system_field":"0","data_source_value_column_is_text":"0","description":null,"file_type_id":null,"allow_basic_html_tags":null,"is_unique":"0","data_source_from_string":null,"created_user_id":"520","updated_user_id":"520","created_date":"2020-12-17 13:47:19.390","last_update_date":"2021-02-11 11:22:01.090","on_delete_cascade":"0","required_condition":null,"dependencies":null,"location":"top","validation_pattern":null,"validation_condition":null,"validation_message":null,"data_source_fixed_where_condition":null,"min":null,"max":null,"appearance":null,"token":"6A0EC2AB-E05C-45F8-A3FB-231E480B5FE4","data_source_from_query":null,"title_ar":null,"title_ku":null,"description_ar":null,"description_ku":null,"validation_message_ku":null,"validation_message_ar":null,"read_only_condition":null,"data_source_sort_column":null,"use_parent_permissions":"1","delete_rule":null,"appearance_id":null,"title_es":null,"title_fr":null,"description_es":null,"description_fr":null,"validation_message_es":null,"validation_message_fr":null,"field_type_id_display":"Text","appearance_id_display":null,"file_type_id_display":null,"data_source_id_display":null,"parent_id_display":"Field Type Apperance","created_user_id_display":"IMS","updated_user_id_display":"IMS"},{"id":"32513","name":"field_type_id","title":"Field Type","parent_id":"812","field_type_id":"2","data_source_id":"13","data_source_display_column":"name","data_source_value_column":"id","is_multi":"0","sort":"1","is_hidden":"0","is_primary_column":"0","group_name":null,"size":"1","is_required":"1","str_length":null,"method":null,"is_read_only":"0","data_source_filter_by_field_name":null,"data_source_filter_by_field_name_in_db":null,"tab_name":null,"hide_in_fc_summary":"0","default_value":null,"is_system_field":"0","data_source_value_column_is_text":"0","description":null,"file_type_id":null,"allow_basic_html_tags":null,"is_unique":"0","data_source_from_string":null,"created_user_id":"520","updated_user_id":"520","created_date":"2020-12-17 13:02:36.000","last_update_date":"2021-02-11 11:22:01.090","on_delete_cascade":"0","required_condition":null,"dependencies":null,"location":"top","validation_pattern":null,"validation_condition":null,"validation_message":null,"data_source_fixed_where_condition":null,"min":null,"max":null,"appearance":null,"token":"F1DACB0A-C9E8-43A8-AAA6-AD5EADD326C0","data_source_from_query":null,"title_ar":null,"title_ku":null,"description_ar":null,"description_ku":null,"validation_message_ku":null,"validation_message_ar":null,"read_only_condition":null,"data_source_sort_column":null,"use_parent_permissions":"1","delete_rule":null,"appearance_id":null,"title_es":null,"title_fr":null,"description_es":null,"description_fr":null,"validation_message_es":null,"validation_message_fr":null,"field_type_id_display":"Combobox","appearance_id_display":null,"file_type_id_display":null,"data_source_id_display":"Field Types","parent_id_display":"Field Type Apperance","created_user_id_display":"IMS","updated_user_id_display":"IMS"},{"id":"32514","name":"title","title":"title","parent_id":"812","field_type_id":"1","data_source_id":null,"data_source_display_column":"name","data_source_value_column":"id","is_multi":"0","sort":"2","is_hidden":"0","is_primary_column":"0","group_name":null,"size":"1","is_required":"1","str_length":null,"method":null,"is_read_only":"0","data_source_filter_by_field_name":null,"data_source_filter_by_field_name_in_db":null,"tab_name":null,"hide_in_fc_summary":"0","default_value":null,"is_system_field":"0","data_source_value_column_is_text":"0","description":null,"file_type_id":null,"allow_basic_html_tags":null,"is_unique":"0","data_source_from_string":null,"created_user_id":"520","updated_user_id":"520","created_date":"2020-12-17 13:02:36.030","last_update_date":"2021-02-11 11:22:01.090","on_delete_cascade":"0","required_condition":null,"dependencies":null,"location":"top","validation_pattern":null,"validation_condition":null,"validation_message":null,"data_source_fixed_where_condition":null,"min":null,"max":null,"appearance":null,"token":"3DF5FC98-9429-4A8E-827A-FF7E95E39DE7","data_source_from_query":null,"title_ar":null,"title_ku":null,"description_ar":null,"description_ku":null,"validation_message_ku":null,"validation_message_ar":null,"read_only_condition":null,"data_source_sort_column":null,"use_parent_permissions":"1","delete_rule":null,"appearance_id":null,"title_es":null,"title_fr":null,"description_es":null,"description_fr":null,"validation_message_es":null,"validation_message_fr":null,"field_type_id_display":"Text","appearance_id_display":null,"file_type_id_display":null,"data_source_id_display":null,"parent_id_display":"Field Type Apperance","created_user_id_display":"IMS","updated_user_id_display":"IMS"},{"id":"32516","name":"token","title":"Token","parent_id":"812","field_type_id":"1","data_source_id":null,"data_source_display_column":null,"data_source_value_column":null,"is_multi":"0","sort":"3","is_hidden":"1","is_primary_column":"0","group_name":null,"size":null,"is_required":"0","str_length":null,"method":null,"is_read_only":"1","data_source_filter_by_field_name":null,"data_source_filter_by_field_name_in_db":null,"tab_name":null,"hide_in_fc_summary":"0","default_value":null,"is_system_field":"1","data_source_value_column_is_text":"0","description":null,"file_type_id":null,"allow_basic_html_tags":null,"is_unique":"0","data_source_from_string":null,"created_user_id":"520","updated_user_id":"520","created_date":"2020-12-17 13:02:36.220","last_update_date":"2021-02-11 11:22:01.090","on_delete_cascade":"0","required_condition":null,"dependencies":null,"location":null,"validation_pattern":null,"validation_condition":null,"validation_message":null,"data_source_fixed_where_condition":null,"min":null,"max":null,"appearance":null,"token":"F92A37EE-D2D0-462E-BBC4-60F3CAC1C712","data_source_from_query":null,"title_ar":null,"title_ku":null,"description_ar":null,"description_ku":null,"validation_message_ku":null,"validation_message_ar":null,"read_only_condition":null,"data_source_sort_column":null,"use_parent_permissions":"0","delete_rule":null,"appearance_id":null,"title_es":null,"title_fr":null,"description_es":null,"description_fr":null,"validation_message_es":null,"validation_message_fr":null,"field_type_id_display":"Text","appearance_id_display":null,"file_type_id_display":null,"data_source_id_display":null,"parent_id_display":"Field Type Apperance","created_user_id_display":"IMS","updated_user_id_display":"IMS"},{"id":"32517","name":"updated_user_id","title":"Updated User","parent_id":"812","field_type_id":"2","data_source_id":"40","data_source_display_column":"full_name","data_source_value_column":"id","is_multi":"0","sort":"4","is_hidden":"1","is_primary_column":"0","group_name":null,"size":null,"is_required":"0","str_length":null,"method":null,"is_read_only":"1","data_source_filter_by_field_name":null,"data_source_filter_by_field_name_in_db":null,"tab_name":null,"hide_in_fc_summary":"0","default_value":null,"is_system_field":"1","data_source_value_column_is_text":"0","description":null,"file_type_id":null,"allow_basic_html_tags":null,"is_unique":"0","data_source_from_string":null,"created_user_id":"520","updated_user_id":"520","created_date":"2020-12-17 13:02:36.220","last_update_date":"2021-02-11 11:22:01.090","on_delete_cascade":"0","required_condition":null,"dependencies":null,"location":null,"validation_pattern":null,"validation_condition":null,"validation_message":null,"data_source_fixed_where_condition":null,"min":null,"max":null,"appearance":null,"token":"D2680D24-8018-4CD5-95D1-EA893D83A8DC","data_source_from_query":null,"title_ar":null,"title_ku":null,"description_ar":null,"description_ku":null,"validation_message_ku":null,"validation_message_ar":null,"read_only_condition":null,"data_source_sort_column":null,"use_parent_permissions":"0","delete_rule":null,"appearance_id":null,"title_es":null,"title_fr":null,"description_es":null,"description_fr":null,"validation_message_es":null,"validation_message_fr":null,"field_type_id_display":"Combobox","appearance_id_display":null,"file_type_id_display":null,"data_source_id_display":"Users","parent_id_display":"Field Type Apperance","created_user_id_display":"IMS","updated_user_id_display":"IMS"},{"id":"32520","name":"id","title":"Id","parent_id":"812","field_type_id":"6","data_source_id":null,"data_source_display_column":null,"data_source_value_column":null,"is_multi":"0","sort":"5","is_hidden":"1","is_primary_column":"1","group_name":null,"size":null,"is_required":"0","str_length":null,"method":null,"is_read_only":"0","data_source_filter_by_field_name":null,"data_source_filter_by_field_name_in_db":null,"tab_name":null,"hide_in_fc_summary":"0","default_value":null,"is_system_field":"1","data_source_value_column_is_text":"0","description":null,"file_type_id":null,"allow_basic_html_tags":null,"is_unique":"0","data_source_from_string":null,"created_user_id":"520","updated_user_id":"520","created_date":"2020-12-17 13:02:36.233","last_update_date":"2021-02-11 11:22:01.090","on_delete_cascade":"0","required_condition":null,"dependencies":null,"location":null,"validation_pattern":null,"validation_condition":null,"validation_message":null,"data_source_fixed_where_condition":null,"min":null,"max":null,"appearance":null,"token":"5DE33283-6768-4864-8892-8FB33253C2D8","data_source_from_query":null,"title_ar":null,"title_ku":null,"description_ar":null,"description_ku":null,"validation_message_ku":null,"validation_message_ar":null,"read_only_condition":null,"data_source_sort_column":null,"use_parent_permissions":"0","delete_rule":null,"appearance_id":null,"title_es":null,"title_fr":null,"description_es":null,"description_fr":null,"validation_message_es":null,"validation_message_fr":null,"field_type_id_display":"Number","appearance_id_display":null,"file_type_id_display":null,"data_source_id_display":null,"parent_id_display":"Field Type Apperance","created_user_id_display":"IMS","updated_user_id_display":"IMS"},{"id":"32519","name":"last_update_date","title":"Last Update Date","parent_id":"812","field_type_id":"4","data_source_id":null,"data_source_display_column":null,"data_source_value_column":null,"is_multi":"0","sort":"6","is_hidden":"1","is_primary_column":"0","group_name":null,"size":null,"is_required":"0","str_length":null,"method":null,"is_read_only":"1","data_source_filter_by_field_name":null,"data_source_filter_by_field_name_in_db":null,"tab_name":null,"hide_in_fc_summary":"0","default_value":null,"is_system_field":"1","data_source_value_column_is_text":"0","description":null,"file_type_id":null,"allow_basic_html_tags":null,"is_unique":"0","data_source_from_string":null,"created_user_id":"520","updated_user_id":"520","created_date":"2020-12-17 13:02:36.220","last_update_date":"2021-02-11 11:22:01.090","on_delete_cascade":"0","required_condition":null,"dependencies":null,"location":null,"validation_pattern":null,"validation_condition":null,"validation_message":null,"data_source_fixed_where_condition":null,"min":null,"max":null,"appearance":null,"token":"BFAFE3D9-8634-4E40-A955-5D63EB3D673B","data_source_from_query":null,"title_ar":null,"title_ku":null,"description_ar":null,"description_ku":null,"validation_message_ku":null,"validation_message_ar":null,"read_only_condition":null,"data_source_sort_column":null,"use_parent_permissions":"0","delete_rule":null,"appearance_id":null,"title_es":null,"title_fr":null,"description_es":null,"description_fr":null,"validation_message_es":null,"validation_message_fr":null,"field_type_id_display":"Date","appearance_id_display":null,"file_type_id_display":null,"data_source_id_display":null,"parent_id_display":"Field Type Apperance","created_user_id_display":"IMS","updated_user_id_display":"IMS"},{"id":"32518","name":"created_date","title":"Created Date","parent_id":"812","field_type_id":"4","data_source_id":null,"data_source_display_column":null,"data_source_value_column":null,"is_multi":"0","sort":"7","is_hidden":"1","is_primary_column":"0","group_name":null,"size":null,"is_required":"0","str_length":null,"method":null,"is_read_only":"1","data_source_filter_by_field_name":null,"data_source_filter_by_field_name_in_db":null,"tab_name":null,"hide_in_fc_summary":"0","default_value":null,"is_system_field":"1","data_source_value_column_is_text":"0","description":null,"file_type_id":null,"allow_basic_html_tags":null,"is_unique":"0","data_source_from_string":null,"created_user_id":"520","updated_user_id":"520","created_date":"2020-12-17 13:02:36.220","last_update_date":"2021-02-11 11:22:01.090","on_delete_cascade":"0","required_condition":null,"dependencies":null,"location":null,"validation_pattern":null,"validation_condition":null,"validation_message":null,"data_source_fixed_where_condition":null,"min":null,"max":null,"appearance":null,"token":"E8E2E8B9-3870-4A56-BF71-CA4B61B123FF","data_source_from_query":null,"title_ar":null,"title_ku":null,"description_ar":null,"description_ku":null,"validation_message_ku":null,"validation_message_ar":null,"read_only_condition":null,"data_source_sort_column":null,"use_parent_permissions":"0","delete_rule":null,"appearance_id":null,"title_es":null,"title_fr":null,"description_es":null,"description_fr":null,"validation_message_es":null,"validation_message_fr":null,"field_type_id_display":"Date","appearance_id_display":null,"file_type_id_display":null,"data_source_id_display":null,"parent_id_display":"Field Type Apperance","created_user_id_display":"IMS","updated_user_id_display":"IMS"},{"id":"32515","name":"created_user_id","title":"Created User","parent_id":"812","field_type_id":"2","data_source_id":"40","data_source_display_column":"full_name","data_source_value_column":"id","is_multi":"0","sort":"8","is_hidden":"1","is_primary_column":"0","group_name":null,"size":null,"is_required":"0","str_length":null,"method":null,"is_read_only":"1","data_source_filter_by_field_name":null,"data_source_filter_by_field_name_in_db":null,"tab_name":null,"hide_in_fc_summary":"0","default_value":null,"is_system_field":"1","data_source_value_column_is_text":"0","description":null,"file_type_id":null,"allow_basic_html_tags":null,"is_unique":"0","data_source_from_string":null,"created_user_id":"520","updated_user_id":"520","created_date":"2020-12-17 13:02:36.220","last_update_date":"2021-02-11 11:22:01.090","on_delete_cascade":"0","required_condition":null,"dependencies":null,"location":null,"validation_pattern":null,"validation_condition":null,"validation_message":null,"data_source_fixed_where_condition":null,"min":null,"max":null,"appearance":null,"token":"19F8EB3E-6BCA-456C-8D5A-20A7BB4AF3E0","data_source_from_query":null,"title_ar":null,"title_ku":null,"description_ar":null,"description_ku":null,"validation_message_ku":null,"validation_message_ar":null,"read_only_condition":null,"data_source_sort_column":null,"use_parent_permissions":"0","delete_rule":null,"appearance_id":null,"title_es":null,"title_fr":null,"description_es":null,"description_fr":null,"validation_message_es":null,"validation_message_fr":null,"field_type_id_display":"Combobox","appearance_id_display":null,"file_type_id_display":null,"data_source_id_display":"Users","parent_id_display":"Field Type Apperance","created_user_id_display":"IMS","updated_user_id_display":"IMS"}],"field_groups":[],"field_permissions":[],"permissions":[],"status_settings":[]}