{"id":"1","name":"ctypes","title":"Content Types","category":"Content Type","category_id":"1","description":null,"module":"Admin Module","last_update_date":"2021-02-11 11:22:00.980","view_id":"1","created_user_name":"IMS","last_updated_user_name":"IMS","data":[{"name":"ctypes_fields","id":"2","type":"fc","data":[{"id":"13","name":"field_types","category":"Taxonomy","category_id":"3","title":"Field Types","created_user_name":"IMS","last_updated_user_name":"IMS"},{"id":"812","name":"field_type_apperances","category":"Taxonomy","category_id":"3","title":"Field Type Apperance","created_user_name":"IMS","last_updated_user_name":"IMS"},{"id":"11","name":"file_extension_types","category":"Taxonomy","category_id":"3","title":"File Extention Types","created_user_name":"IMS","last_updated_user_name":"IMS"},{"id":"1","name":"ctypes","category":"Content Type","category_id":"1","title":"Content Types","created_user_name":"IMS","last_updated_user_name":"IMS"},{"id":"40","name":"users","category":"Content Type","category_id":"1","title":"Users","created_user_name":"IMS","last_updated_user_name":"IMS"}]},{"name":"ctypes_field_groups","id":"248","type":"fc","data":[{"id":"40","name":"users","category":"Content Type","category_id":"1","title":"Users","created_user_name":"IMS","last_updated_user_name":"IMS"}]},{"name":"ctypes_field_permissions","id":"5","type":"fc","data":[{"id":"43","name":"roles","category":"Taxonomy","category_id":"3","title":"Roles","created_user_name":"IMS","last_updated_user_name":"IMS"},{"id":"2","name":"ctypes_fields","category":"Field Collection","category_id":"2","title":"Content Type Fields","created_user_name":"IMS","last_updated_user_name":"IMS"},{"id":"1","name":"ctypes","category":"Content Type","category_id":"1","title":"Content Types","created_user_name":"IMS","last_updated_user_name":"IMS"},{"id":"40","name":"users","category":"Content Type","category_id":"1","title":"Users","created_user_name":"IMS","last_updated_user_name":"IMS"}]},{"name":"ctypes_permissions","id":"4","type":"fc","data":[{"id":"43","name":"roles","category":"Taxonomy","category_id":"3","title":"Roles","created_user_name":"IMS","last_updated_user_name":"IMS"},{"id":"1","name":"ctypes","category":"Content Type","category_id":"1","title":"Content Types","created_user_name":"IMS","last_updated_user_name":"IMS"},{"id":"40","name":"users","category":"Content Type","category_id":"1","title":"Users","created_user_name":"IMS","last_updated_user_name":"IMS"}]},{"name":"ctypes_status_settings","id":"286","type":"fc","data":[{"id":"40","name":"users","category":"Content Type","category_id":"1","title":"Users","created_user_name":"IMS","last_updated_user_name":"IMS"},{"id":"6","name":"status_list","category":"Taxonomy","category_id":"3","title":"Status List","created_user_name":"IMS","last_updated_user_name":"IMS"}]},{"name":"ctypes","type":"main","data":[{"name":"views","id":"20","category":"Content Type","category_id":"1","title":"Views","created_user_name":"IMS","last_updated_user_name":"IMS"},{"name":"ctypes_categories","id":"10","category":"Taxonomy","category_id":"3","title":"Content Type Categories","created_user_name":"IMS","last_updated_user_name":"IMS"},{"name":"ctypes","id":"1","category":"Content Type","category_id":"1","title":"Content Types","created_user_name":"IMS","last_updated_user_name":"IMS"},{"name":"modules","id":"447","category":"Content Type","category_id":"1","title":"Modules","created_user_name":"IMS","last_updated_user_name":"IMS"},{"name":"users","id":"40","category":"Content Type","category_id":"1","title":"Users","created_user_name":"IMS","last_updated_user_name":"IMS"},{"name":"ctypes_fields","id":"2","category":"Field Collection","category_id":"2","title":"Content Type Fields","created_user_name":"IMS","last_updated_user_name":"IMS"},{"name":"ctypes_field_groups","id":"248","category":"Field Collection","category_id":"2","title":"Ctypes Field Groups","created_user_name":"IMS","last_updated_user_name":"IMS"},{"name":"ctypes_field_permissions","id":"5","category":"Field Collection","category_id":"2","title":"Content Type Field Permisions","created_user_name":"IMS","last_updated_user_name":"IMS"},{"name":"ctypes_permissions","id":"4","category":"Field Collection","category_id":"2","title":"Content Type Permissions","created_user_name":"IMS","last_updated_user_name":"IMS"},{"name":"ctypes_status_settings","id":"286","category":"Field Collection","category_id":"2","title":"Content Types Status Settings","created_user_name":"IMS","last_updated_user_name":"IMS"}]}]}