{"id":"9","name":"ctypes_logs","title":"Content Types Log","category":"Content Type","category_id":"1","description":null,"module":null,"last_update_date":"2021-02-11 11:22:00.980","view_id":"103","created_user_name":"IMS","last_updated_user_name":"IMS","data":[{"name":"ctypes_logs","type":"main","data":[{"name":"ctypes_logs","id":"9","category":"Content Type","category_id":"1","title":"Content Types Log","created_user_name":"IMS","last_updated_user_name":"IMS"},{"name":"status_list","id":"6","category":"Taxonomy","category_id":"3","title":"Status List","created_user_name":"IMS","last_updated_user_name":"IMS"},{"name":"users","id":"40","category":"Content Type","category_id":"1","title":"Users","created_user_name":"IMS","last_updated_user_name":"IMS"},{"name":"ctypes","id":"1","category":"Content Type","category_id":"1","title":"Content Types","created_user_name":"IMS","last_updated_user_name":"IMS"}]}]}