{"id":"447","name":"modules","title":"Modules","category":"Content Type","category_id":"1","description":null,"module":null,"last_update_date":"2021-02-11 11:22:00.980","view_id":null,"created_user_name":"IMS","last_updated_user_name":"IMS","data":[{"name":"modules_items","id":"473","type":"fc","data":[{"id":"40","name":"users","category":"Content Type","category_id":"1","title":"Users","created_user_name":"IMS","last_updated_user_name":"IMS"},{"id":"1","name":"ctypes","category":"Content Type","category_id":"1","title":"Content Types","created_user_name":"IMS","last_updated_user_name":"IMS"},{"id":"172","name":"actions_permissions","category":"Content Type","category_id":"1","title":"Actions Permissions","created_user_name":"IMS","last_updated_user_name":"IMS"}]},{"name":"modules","type":"main","data":[{"name":"modules_items","id":"473","category":"Field Collection","category_id":"2","title":"Modules Items","created_user_name":"IMS","last_updated_user_name":"IMS"},{"name":"users","id":"40","category":"Content Type","category_id":"1","title":"Users","created_user_name":"IMS","last_updated_user_name":"IMS"},{"name":"status_list","id":"6","category":"Taxonomy","category_id":"3","title":"Status List","created_user_name":"IMS","last_updated_user_name":"IMS"}]}]}