{"id":"20","name":"views","title":"Views","category":"Content Type","category_id":"1","description":null,"module":"Admin Module","last_update_date":"2021-02-11 11:22:00.980","view_id":"2","created_user_name":"IMS","last_updated_user_name":"IMS","data":[{"name":"views_fields","id":"22","type":"fc","data":[{"id":"20","name":"views","category":"Content Type","category_id":"1","title":"Views","created_user_name":"IMS","last_updated_user_name":"IMS"},{"id":"1","name":"ctypes","category":"Content Type","category_id":"1","title":"Content Types","created_user_name":"IMS","last_updated_user_name":"IMS"},{"id":"2","name":"ctypes_fields","category":"Field Collection","category_id":"2","title":"Content Type Fields","created_user_name":"IMS","last_updated_user_name":"IMS"},{"id":"58","name":"text_align_types","category":"Taxonomy","category_id":"3","title":"Text Align Types","created_user_name":"IMS","last_updated_user_name":"IMS"},{"id":"40","name":"users","category":"Content Type","category_id":"1","title":"Users","created_user_name":"IMS","last_updated_user_name":"IMS"}]},{"name":"views_filters","id":"23","type":"fc","data":[{"id":"20","name":"views","category":"Content Type","category_id":"1","title":"Views","created_user_name":"IMS","last_updated_user_name":"IMS"},{"id":"1","name":"ctypes","category":"Content Type","category_id":"1","title":"Content Types","created_user_name":"IMS","last_updated_user_name":"IMS"},{"id":"2","name":"ctypes_fields","category":"Field Collection","category_id":"2","title":"Content Type Fields","created_user_name":"IMS","last_updated_user_name":"IMS"},{"id":"13","name":"field_types","category":"Taxonomy","category_id":"3","title":"Field Types","created_user_name":"IMS","last_updated_user_name":"IMS"},{"id":"470","name":"views_filters_operators","category":"Taxonomy","category_id":"3","title":"View Filter Operators","created_user_name":"IMS","last_updated_user_name":"IMS"},{"id":"40","name":"users","category":"Content Type","category_id":"1","title":"Users","created_user_name":"IMS","last_updated_user_name":"IMS"}]},{"name":"views_relations","id":"21","type":"fc","data":[{"id":"20","name":"views","category":"Content Type","category_id":"1","title":"Views","created_user_name":"IMS","last_updated_user_name":"IMS"},{"id":"1","name":"ctypes","category":"Content Type","category_id":"1","title":"Content Types","created_user_name":"IMS","last_updated_user_name":"IMS"},{"id":"40","name":"users","category":"Content Type","category_id":"1","title":"Users","created_user_name":"IMS","last_updated_user_name":"IMS"}]},{"name":"views_actions","id":"24","type":"fc","data":[{"id":"20","name":"views","category":"Content Type","category_id":"1","title":"Views","created_user_name":"IMS","last_updated_user_name":"IMS"},{"id":"6","name":"status_list","category":"Taxonomy","category_id":"3","title":"Status List","created_user_name":"IMS","last_updated_user_name":"IMS"},{"id":"172","name":"actions_permissions","category":"Content Type","category_id":"1","title":"Actions Permissions","created_user_name":"IMS","last_updated_user_name":"IMS"},{"id":"40","name":"users","category":"Content Type","category_id":"1","title":"Users","created_user_name":"IMS","last_updated_user_name":"IMS"}]},{"name":"views","type":"main","data":[{"name":"ctypes","id":"1","category":"Content Type","category_id":"1","title":"Content Types","created_user_name":"IMS","last_updated_user_name":"IMS"},{"name":"users","id":"40","category":"Content Type","category_id":"1","title":"Users","created_user_name":"IMS","last_updated_user_name":"IMS"},{"name":"views_fields","id":"22","category":"Field Collection","category_id":"2","title":"Views Fields","created_user_name":"IMS","last_updated_user_name":"IMS"},{"name":"views_filters","id":"23","category":"Field Collection","category_id":"2","title":"Views Filters","created_user_name":"IMS","last_updated_user_name":"IMS"},{"name":"views_relations","id":"21","category":"Field Collection","category_id":"2","title":"Views Relations","created_user_name":"IMS","last_updated_user_name":"IMS"},{"name":"views_actions","id":"24","category":"Field Collection","category_id":"2","title":"Views Actions","created_user_name":"IMS","last_updated_user_name":"IMS"}]}]}