{"id":"23","name":"views_filters","title":"Views Filters","category":"Field Collection","category_id":"2","description":null,"module":null,"last_update_date":"2021-02-11 11:22:00.980","view_id":null,"created_user_name":"IMS","last_updated_user_name":"IMS","data":[{"name":"views_filters","type":"main","data":[{"name":"views","id":"20","category":"Content Type","category_id":"1","title":"Views","created_user_name":"IMS","last_updated_user_name":"IMS"},{"name":"ctypes","id":"1","category":"Content Type","category_id":"1","title":"Content Types","created_user_name":"IMS","last_updated_user_name":"IMS"},{"name":"ctypes_fields","id":"2","category":"Field Collection","category_id":"2","title":"Content Type Fields","created_user_name":"IMS","last_updated_user_name":"IMS"},{"name":"field_types","id":"13","category":"Taxonomy","category_id":"3","title":"Field Types","created_user_name":"IMS","last_updated_user_name":"IMS"},{"name":"views_filters_operators","id":"470","category":"Taxonomy","category_id":"3","title":"View Filter Operators","created_user_name":"IMS","last_updated_user_name":"IMS"},{"name":"users","id":"40","category":"Content Type","category_id":"1","title":"Users","created_user_name":"IMS","last_updated_user_name":"IMS"}]}]}