{"id":"12","name":"form_types","title":"Form Types","category":"Taxonomy","category_id":"3","description":null,"module":"Admin Module","last_update_date":"2021-02-11 11:22:00.980","view_id":null,"created_user_name":"IMS","last_updated_user_name":"IMS","data":[{"name":"form_types","type":"main","data":[{"name":"units","id":"44","category":"Taxonomy","category_id":"3","title":"Units","created_user_name":"IMS","last_updated_user_name":"IMS"},{"name":"users","id":"40","category":"Content Type","category_id":"1","title":"Users","created_user_name":"IMS","last_updated_user_name":"IMS"},{"name":"ctypes","id":"1","category":"Content Type","category_id":"1","title":"Content Types","created_user_name":"IMS","last_updated_user_name":"IMS"}]}]}