{"id":"7","name":"status_workflow_templates","title":"Status Workflow Templates","category":"Content Type","category_id":"1","description":null,"module":"Admin Module","last_update_date":"2021-02-11 11:22:00.980","view_id":"104","created_user_name":"IMS","last_updated_user_name":"IMS","data":[{"name":"status_workflow_templates_items","id":"8","type":"fc","data":[{"id":"40","name":"users","category":"Content Type","category_id":"1","title":"Users","created_user_name":"IMS","last_updated_user_name":"IMS"},{"id":"7","name":"status_workflow_templates","category":"Content Type","category_id":"1","title":"Status Workflow Templates","created_user_name":"IMS","last_updated_user_name":"IMS"},{"id":"6","name":"status_list","category":"Taxonomy","category_id":"3","title":"Status List","created_user_name":"IMS","last_updated_user_name":"IMS"},{"id":"43","name":"roles","category":"Taxonomy","category_id":"3","title":"Roles","created_user_name":"IMS","last_updated_user_name":"IMS"}]},{"name":"status_workflow_templates","type":"main","data":[{"name":"users","id":"40","category":"Content Type","category_id":"1","title":"Users","created_user_name":"IMS","last_updated_user_name":"IMS"},{"name":"status_workflow_templates_items","id":"8","category":"Field Collection","category_id":"2","title":"Status Workflow Template Items","created_user_name":"IMS","last_updated_user_name":"IMS"}]}]}