{"id":"21","name":"views_relations","title":"Views Relations","category":"Field Collection","category_id":"2","description":null,"module":null,"last_update_date":"2021-02-11 11:22:00.980","view_id":null,"created_user_name":"IMS","last_updated_user_name":"IMS","data":[{"name":"views_relations","type":"main","data":[{"name":"views","id":"20","category":"Content Type","category_id":"1","title":"Views","created_user_name":"IMS","last_updated_user_name":"IMS"},{"name":"ctypes","id":"1","category":"Content Type","category_id":"1","title":"Content Types","created_user_name":"IMS","last_updated_user_name":"IMS"},{"name":"users","id":"40","category":"Content Type","category_id":"1","title":"Users","created_user_name":"IMS","last_updated_user_name":"IMS"}]}]}