{"id":"32","name":"crons_field_collections","title":"Crons Field Collections","category":"Field Collection","category_id":"2","description":null,"module":null,"last_update_date":"2021-02-11 11:22:00.980","view_id":null,"created_user_name":"IMS","last_updated_user_name":"IMS","data":[{"name":"crons_field_collections","type":"main","data":[{"name":"users","id":"40","category":"Content Type","category_id":"1","title":"Users","created_user_name":"IMS","last_updated_user_name":"IMS"},{"name":"crons","id":"30","category":"Content Type","category_id":"1","title":"Crons","created_user_name":"IMS","last_updated_user_name":"IMS"}]}]}